symbol,timestamp,open,high,low,close,volume
LAUNCHCOINUSDT,2025-05-15 06:30:00,0.26355,0.26379,0.24129,0.24352,4572080.0
LAUNCHCOINUSDT,2025-05-15 06:45:00,0.24352,0.25251,0.23698,0.24239,3061960.0
LAUNCHCOINUSDT,2025-05-15 07:00:00,0.24239,0.256,0.24008,0.24823,3454520.0
LAUNCHCOINUSDT,2025-05-15 07:15:00,0.24823,0.25357,0.23984,0.24416,2190290.0
LAUNCHCOINUSDT,2025-05-15 07:30:00,0.24416,0.25139,0.23557,0.23855,2957330.0
LAUNCHCOINUSDT,2025-05-15 07:45:00,0.23855,0.23883,0.22132,0.22587,4144190.0
LAUNCHCOINUSDT,2025-05-15 08:00:00,0.22587,0.24071,0.22365,0.24006,2201430.0
LAUNCHCOINUSDT,2025-05-15 08:15:00,0.24006,0.25372,0.23514,0.24958,2167010.0
LAUNCHCOINUSDT,2025-05-15 08:30:00,0.24958,0.26609,0.24692,0.26,3536820.0
LAUNCHCOINUSDT,2025-05-15 08:45:00,0.26,0.26805,0.2475,0.26146,2562330.0
LAUNCHCOINUSDT,2025-05-15 09:00:00,0.26146,0.2621,0.24251,0.24452,2303270.0
LAUNCHCOINUSDT,2025-05-15 09:15:00,0.24452,0.25435,0.23979,0.24206,1802800.0
LAUNCHCOINUSDT,2025-05-15 09:30:00,0.24206,0.24562,0.22979,0.23056,2925070.0
LAUNCHCOINUSDT,2025-05-15 09:45:00,0.23056,0.24497,0.2271,0.24442,2537680.0
LAUNCHCOINUSDT,2025-05-15 10:00:00,0.24442,0.24442,0.2333,0.23649,2115400.0
LAUNCHCOINUSDT,2025-05-15 10:15:00,0.23649,0.25783,0.23645,0.24974,3557580.0
LAUNCHCOINUSDT,2025-05-15 10:30:00,0.24974,0.25417,0.24139,0.24669,2833800.0
LAUNCHCOINUSDT,2025-05-15 10:45:00,0.24669,0.26417,0.2404,0.2619,3492950.0
LAUNCHCOINUSDT,2025-05-15 11:00:00,0.2619,0.28268,0.26,0.28069,3969450.0
LAUNCHCOINUSDT,2025-05-15 11:15:00,0.28069,0.29266,0.27064,0.28809,3442410.0
LAUNCHCOINUSDT,2025-05-15 11:30:00,0.28809,0.29584,0.276,0.28305,4408400.0
LAUNCHCOINUSDT,2025-05-15 11:45:00,0.28305,0.2992,0.28008,0.29265,2868350.0
LAUNCHCOINUSDT,2025-05-15 12:00:00,0.29265,0.29328,0.28064,0.28259,2801430.0
LAUNCHCOINUSDT,2025-05-15 12:15:00,0.28259,0.28888,0.27122,0.27818,3807450.0
LAUNCHCOINUSDT,2025-05-15 12:30:00,0.27818,0.29186,0.27738,0.28985,2477630.0
LAUNCHCOINUSDT,2025-05-15 12:45:00,0.28985,0.29029,0.2703,0.27965,2524270.0
LAUNCHCOINUSDT,2025-05-15 13:00:00,0.27965,0.28967,0.27582,0.28967,1828500.0
LAUNCHCOINUSDT,2025-05-15 13:15:00,0.28967,0.31808,0.28943,0.31407,5236310.0
LAUNCHCOINUSDT,2025-05-15 13:30:00,0.31407,0.32648,0.2879,0.29621,6167970.0
LAUNCHCOINUSDT,2025-05-15 13:45:00,0.29621,0.29621,0.26258,0.27563,6876040.0
LAUNCHCOINUSDT,2025-05-15 14:00:00,0.27563,0.27871,0.24503,0.25692,5838610.0
LAUNCHCOINUSDT,2025-05-15 14:15:00,0.25692,0.26869,0.24632,0.25454,5011160.0
LAUNCHCOINUSDT,2025-05-15 14:30:00,0.25454,0.26058,0.24015,0.25359,5872730.0
LAUNCHCOINUSDT,2025-05-15 14:45:00,0.25359,0.26536,0.24703,0.2638,3306200.0
LAUNCHCOINUSDT,2025-05-15 15:00:00,0.2638,0.27444,0.24527,0.2464,4052310.0
LAUNCHCOINUSDT,2025-05-15 15:15:00,0.2464,0.28265,0.24634,0.27162,5424490.0
LAUNCHCOINUSDT,2025-05-15 15:30:00,0.27162,0.28518,0.26406,0.28452,2848810.0
LAUNCHCOINUSDT,2025-05-15 15:45:00,0.28452,0.30612,0.28187,0.29608,6484960.0
LAUNCHCOINUSDT,2025-05-15 16:00:00,0.29608,0.29646,0.2715,0.28424,4681530.0
LAUNCHCOINUSDT,2025-05-15 16:15:00,0.28424,0.30487,0.28354,0.29375,3685240.0
LAUNCHCOINUSDT,2025-05-15 16:30:00,0.29375,0.32245,0.29375,0.31795,5070920.0
LAUNCHCOINUSDT,2025-05-15 16:45:00,0.31795,0.32487,0.305,0.31425,3947520.0
LAUNCHCOINUSDT,2025-05-15 17:00:00,0.31425,0.32868,0.3069,0.31984,2637710.0
LAUNCHCOINUSDT,2025-05-15 17:15:00,0.31984,0.33758,0.31665,0.3273,3285060.0
LAUNCHCOINUSDT,2025-05-15 17:30:00,0.3273,0.32796,0.30224,0.3096,3480980.0
LAUNCHCOINUSDT,2025-05-15 17:45:00,0.3096,0.31236,0.29601,0.30493,2584620.0
LAUNCHCOINUSDT,2025-05-15 18:00:00,0.30493,0.30794,0.2786,0.27902,4158990.0
LAUNCHCOINUSDT,2025-05-15 18:15:00,0.27902,0.28444,0.27,0.27321,3400600.0
LAUNCHCOINUSDT,2025-05-15 18:30:00,0.27321,0.287,0.267,0.28443,3428720.0
LAUNCHCOINUSDT,2025-05-15 18:45:00,0.28443,0.285,0.27419,0.2772,1573840.0
LAUNCHCOINUSDT,2025-05-15 19:00:00,0.2772,0.28422,0.2749,0.28218,1544840.0
LAUNCHCOINUSDT,2025-05-15 19:15:00,0.28218,0.29621,0.27929,0.28712,3347520.0
LAUNCHCOINUSDT,2025-05-15 19:30:00,0.28712,0.29032,0.28104,0.28288,1210500.0
LAUNCHCOINUSDT,2025-05-15 19:45:00,0.28288,0.28288,0.27266,0.27401,1183630.0
LAUNCHCOINUSDT,2025-05-15 20:00:00,0.27401,0.27445,0.26012,0.26664,2347230.0
LAUNCHCOINUSDT,2025-05-15 20:15:00,0.26664,0.28088,0.26302,0.27494,1500540.0
LAUNCHCOINUSDT,2025-05-15 20:30:00,0.27494,0.27905,0.2543,0.25495,2152400.0
LAUNCHCOINUSDT,2025-05-15 20:45:00,0.25495,0.26029,0.24124,0.24732,5799800.0
LAUNCHCOINUSDT,2025-05-15 21:00:00,0.24732,0.25545,0.24302,0.25297,2350530.0
LAUNCHCOINUSDT,2025-05-15 21:15:00,0.25297,0.25392,0.235,0.23819,2049270.0
LAUNCHCOINUSDT,2025-05-15 21:30:00,0.23819,0.25046,0.2326,0.24877,1806240.0
LAUNCHCOINUSDT,2025-05-15 21:45:00,0.24877,0.25852,0.24496,0.25399,1471790.0
LAUNCHCOINUSDT,2025-05-15 22:00:00,0.25399,0.26249,0.24829,0.25335,1509580.0
LAUNCHCOINUSDT,2025-05-15 22:15:00,0.25335,0.26487,0.25316,0.25893,1357620.0
LAUNCHCOINUSDT,2025-05-15 22:30:00,0.25893,0.26489,0.2548,0.2608,1051310.0
LAUNCHCOINUSDT,2025-05-15 22:45:00,0.2608,0.26169,0.22191,0.22432,4581030.0
LAUNCHCOINUSDT,2025-05-15 23:00:00,0.22432,0.23665,0.21519,0.2155,3246510.0
LAUNCHCOINUSDT,2025-05-15 23:15:00,0.2155,0.23337,0.20443,0.23166,6234490.0
LAUNCHCOINUSDT,2025-05-15 23:30:00,0.23166,0.23166,0.19812,0.21648,3360580.0
LAUNCHCOINUSDT,2025-05-15 23:45:00,0.21648,0.23166,0.21016,0.21739,2744880.0
LAUNCHCOINUSDT,2025-05-16 00:00:00,0.21739,0.238,0.21739,0.23353,1796360.0
LAUNCHCOINUSDT,2025-05-16 00:15:00,0.23353,0.23488,0.22769,0.23176,1136330.0
LAUNCHCOINUSDT,2025-05-16 00:30:00,0.23176,0.24442,0.23176,0.24285,2071640.0
LAUNCHCOINUSDT,2025-05-16 00:45:00,0.24285,0.24443,0.22502,0.22516,1226790.0
LAUNCHCOINUSDT,2025-05-16 01:00:00,0.22516,0.2257,0.20104,0.21289,3956250.0
LAUNCHCOINUSDT,2025-05-16 01:15:00,0.21289,0.21423,0.19359,0.20869,4012430.0
LAUNCHCOINUSDT,2025-05-16 01:30:00,0.20869,0.21686,0.20414,0.21224,2731590.0
LAUNCHCOINUSDT,2025-05-16 01:45:00,0.21224,0.21555,0.19382,0.19563,3719820.0
LAUNCHCOINUSDT,2025-05-16 02:00:00,0.19563,0.21438,0.19405,0.21286,4226860.0
LAUNCHCOINUSDT,2025-05-16 02:15:00,0.21286,0.21666,0.20632,0.20826,1841080.0
LAUNCHCOINUSDT,2025-05-16 02:30:00,0.20826,0.22137,0.20668,0.20985,2742250.0
LAUNCHCOINUSDT,2025-05-16 02:45:00,0.20985,0.21086,0.20496,0.21012,844580.0
LAUNCHCOINUSDT,2025-05-16 03:00:00,0.21012,0.21298,0.18417,0.1975,4872460.0
LAUNCHCOINUSDT,2025-05-16 03:15:00,0.1975,0.20773,0.19547,0.20187,2444120.0
LAUNCHCOINUSDT,2025-05-16 03:30:00,0.20187,0.21,0.20168,0.20961,1442570.0
LAUNCHCOINUSDT,2025-05-16 03:45:00,0.20961,0.21523,0.2085,0.21467,1162460.0
LAUNCHCOINUSDT,2025-05-16 04:00:00,0.21467,0.21717,0.21115,0.21395,822500.0
LAUNCHCOINUSDT,2025-05-16 04:15:00,0.21395,0.22026,0.21151,0.21634,1303660.0
LAUNCHCOINUSDT,2025-05-16 04:30:00,0.21634,0.21699,0.19932,0.20324,1954700.0
LAUNCHCOINUSDT,2025-05-16 04:45:00,0.20324,0.21482,0.20237,0.21103,1808570.0
LAUNCHCOINUSDT,2025-05-16 05:00:00,0.21103,0.21395,0.20564,0.20814,989950.0
LAUNCHCOINUSDT,2025-05-16 05:15:00,0.20814,0.20814,0.19,0.19173,3641340.0
LAUNCHCOINUSDT,2025-05-16 05:30:00,0.19173,0.19503,0.18407,0.19453,4073140.0
LAUNCHCOINUSDT,2025-05-16 05:45:00,0.19453,0.19803,0.18913,0.19234,2215670.0
LAUNCHCOINUSDT,2025-05-16 06:00:00,0.19234,0.1934,0.18199,0.18451,2878450.0
LAUNCHCOINUSDT,2025-05-16 06:15:00,0.18451,0.19625,0.18288,0.192,3137000.0
LAUNCHCOINUSDT,2025-05-16 06:30:00,0.192,0.19797,0.19162,0.19692,1611870.0
LAUNCHCOINUSDT,2025-05-16 06:45:00,0.19692,0.2009,0.19273,0.19358,1646680.0
LAUNCHCOINUSDT,2025-05-16 07:00:00,0.19358,0.19862,0.19358,0.19566,1195180.0
LAUNCHCOINUSDT,2025-05-16 07:15:00,0.19566,0.20419,0.19029,0.20198,3179640.0
LAUNCHCOINUSDT,2025-05-16 07:30:00,0.20198,0.20363,0.19,0.19045,1667890.0
LAUNCHCOINUSDT,2025-05-16 07:45:00,0.19045,0.19855,0.18942,0.19747,2299530.0
LAUNCHCOINUSDT,2025-05-16 08:00:00,0.19747,0.21159,0.19266,0.21075,2819860.0
LAUNCHCOINUSDT,2025-05-16 08:15:00,0.21075,0.21644,0.20909,0.21427,2983600.0
LAUNCHCOINUSDT,2025-05-16 08:30:00,0.21427,0.21437,0.20835,0.21,1884920.0
LAUNCHCOINUSDT,2025-05-16 08:45:00,0.21,0.22223,0.20909,0.2174,2315670.0
LAUNCHCOINUSDT,2025-05-16 09:00:00,0.2174,0.22,0.2122,0.21289,2096820.0
LAUNCHCOINUSDT,2025-05-16 09:15:00,0.21289,0.21289,0.20583,0.21078,2419010.0
LAUNCHCOINUSDT,2025-05-16 09:30:00,0.21078,0.2147,0.20654,0.20743,1514260.0
LAUNCHCOINUSDT,2025-05-16 09:45:00,0.20743,0.21033,0.20458,0.2064,1317580.0
LAUNCHCOINUSDT,2025-05-16 10:00:00,0.2064,0.22173,0.2042,0.21978,3174250.0
LAUNCHCOINUSDT,2025-05-16 10:15:00,0.21978,0.22474,0.21501,0.21725,2424710.0
LAUNCHCOINUSDT,2025-05-16 10:30:00,0.21725,0.22435,0.21679,0.21805,1476350.0
LAUNCHCOINUSDT,2025-05-16 10:45:00,0.21805,0.22024,0.21296,0.21366,1765440.0
LAUNCHCOINUSDT,2025-05-16 11:00:00,0.21366,0.22541,0.21284,0.22473,2430820.0
LAUNCHCOINUSDT,2025-05-16 11:15:00,0.22473,0.23087,0.22358,0.23053,2508730.0
LAUNCHCOINUSDT,2025-05-16 11:30:00,0.23053,0.23423,0.22658,0.23161,2266510.0
LAUNCHCOINUSDT,2025-05-16 11:45:00,0.23161,0.23541,0.22962,0.22975,2161750.0
LAUNCHCOINUSDT,2025-05-16 12:00:00,0.22975,0.23046,0.2055,0.21443,7580370.0
LAUNCHCOINUSDT,2025-05-16 12:15:00,0.21443,0.22074,0.2093,0.2121,2915060.0
LAUNCHCOINUSDT,2025-05-16 12:30:00,0.2121,0.21692,0.20929,0.21163,1107980.0
LAUNCHCOINUSDT,2025-05-16 12:45:00,0.21163,0.21226,0.20245,0.20548,2137240.0
LAUNCHCOINUSDT,2025-05-16 13:00:00,0.20548,0.20667,0.1958,0.20386,3194450.0
LAUNCHCOINUSDT,2025-05-16 13:15:00,0.20386,0.20628,0.19247,0.19616,3004490.0
LAUNCHCOINUSDT,2025-05-16 13:30:00,0.19616,0.20166,0.19208,0.19636,2871110.0
LAUNCHCOINUSDT,2025-05-16 13:45:00,0.19636,0.20566,0.19422,0.20485,2582310.0
LAUNCHCOINUSDT,2025-05-16 14:00:00,0.20485,0.20517,0.18905,0.19267,4715920.0
LAUNCHCOINUSDT,2025-05-16 14:15:00,0.19267,0.19368,0.18373,0.18382,4049350.0
LAUNCHCOINUSDT,2025-05-16 14:30:00,0.18382,0.19045,0.1816,0.1834,4719690.0
LAUNCHCOINUSDT,2025-05-16 14:45:00,0.1834,0.19167,0.17849,0.19139,5845180.0
LAUNCHCOINUSDT,2025-05-16 15:00:00,0.19139,0.19634,0.18768,0.1923,7229910.0
LAUNCHCOINUSDT,2025-05-16 15:15:00,0.1923,0.19489,0.175,0.17801,6173290.0
LAUNCHCOINUSDT,2025-05-16 15:30:00,0.17801,0.18406,0.17656,0.18259,3106730.0
LAUNCHCOINUSDT,2025-05-16 15:45:00,0.18259,0.18265,0.176,0.18177,2170780.0
LAUNCHCOINUSDT,2025-05-16 16:00:00,0.18177,0.18935,0.18122,0.18893,3715390.0
LAUNCHCOINUSDT,2025-05-16 16:15:00,0.18893,0.19114,0.18185,0.18725,3936140.0
LAUNCHCOINUSDT,2025-05-16 16:30:00,0.18725,0.18994,0.17293,0.17761,4720370.0
LAUNCHCOINUSDT,2025-05-16 16:45:00,0.17761,0.19264,0.17501,0.1923,4725250.0
LAUNCHCOINUSDT,2025-05-16 17:00:00,0.1923,0.20036,0.19104,0.19242,6632360.0
LAUNCHCOINUSDT,2025-05-16 17:15:00,0.19242,0.20313,0.19242,0.195,4059320.0
LAUNCHCOINUSDT,2025-05-16 17:30:00,0.195,0.19912,0.18924,0.19037,3183310.0
LAUNCHCOINUSDT,2025-05-16 17:45:00,0.19037,0.19561,0.18635,0.19094,2440510.0
LAUNCHCOINUSDT,2025-05-16 18:00:00,0.19094,0.19547,0.18692,0.18757,2392030.0
LAUNCHCOINUSDT,2025-05-16 18:15:00,0.18757,0.19792,0.18682,0.19642,2493840.0
LAUNCHCOINUSDT,2025-05-16 18:30:00,0.19642,0.19868,0.19218,0.19502,2147740.0
LAUNCHCOINUSDT,2025-05-16 18:45:00,0.19502,0.19616,0.18801,0.18993,1733280.0
LAUNCHCOINUSDT,2025-05-16 19:00:00,0.18993,0.19808,0.18812,0.19732,1709820.0
LAUNCHCOINUSDT,2025-05-16 19:15:00,0.19732,0.20125,0.19375,0.19475,2294950.0
LAUNCHCOINUSDT,2025-05-16 19:30:00,0.19475,0.19949,0.19344,0.19445,1697080.0
LAUNCHCOINUSDT,2025-05-16 19:45:00,0.19445,0.19445,0.18504,0.1859,3119900.0
LAUNCHCOINUSDT,2025-05-16 20:00:00,0.1859,0.19336,0.18105,0.18979,2035820.0
LAUNCHCOINUSDT,2025-05-16 20:15:00,0.18979,0.1919,0.186,0.19068,1033010.0
LAUNCHCOINUSDT,2025-05-16 20:30:00,0.19068,0.192,0.17708,0.17808,2174530.0
LAUNCHCOINUSDT,2025-05-16 20:45:00,0.17808,0.18059,0.17255,0.17834,3535310.0
LAUNCHCOINUSDT,2025-05-16 21:00:00,0.17834,0.18034,0.17524,0.17966,1606610.0
LAUNCHCOINUSDT,2025-05-16 21:15:00,0.17966,0.18111,0.17599,0.17654,1615990.0
LAUNCHCOINUSDT,2025-05-16 21:30:00,0.17654,0.1782,0.16605,0.16879,4428620.0
LAUNCHCOINUSDT,2025-05-16 21:45:00,0.16879,0.1692,0.16258,0.16717,3099740.0
LAUNCHCOINUSDT,2025-05-16 22:00:00,0.16717,0.17259,0.15989,0.16232,3327790.0
LAUNCHCOINUSDT,2025-05-16 22:15:00,0.16232,0.1758,0.1588,0.17468,4697650.0
LAUNCHCOINUSDT,2025-05-16 22:30:00,0.17468,0.17881,0.172,0.17578,2466160.0
LAUNCHCOINUSDT,2025-05-16 22:45:00,0.17578,0.18334,0.17484,0.18055,2247200.0
LAUNCHCOINUSDT,2025-05-16 23:00:00,0.18055,0.19234,0.17762,0.19132,3277840.0
LAUNCHCOINUSDT,2025-05-16 23:15:00,0.19132,0.19157,0.165,0.17996,3830010.0
LAUNCHCOINUSDT,2025-05-16 23:30:00,0.17996,0.1848,0.17795,0.18427,1359240.0
LAUNCHCOINUSDT,2025-05-16 23:45:00,0.18427,0.19107,0.18055,0.18753,1546330.0
LAUNCHCOINUSDT,2025-05-17 00:00:00,0.18753,0.19336,0.18219,0.18253,2316990.0
LAUNCHCOINUSDT,2025-05-17 00:15:00,0.18253,0.18322,0.17353,0.17369,2249440.0
LAUNCHCOINUSDT,2025-05-17 00:30:00,0.17369,0.17661,0.171,0.17491,1521990.0
LAUNCHCOINUSDT,2025-05-17 00:45:00,0.17491,0.17815,0.17158,0.17403,1503390.0
LAUNCHCOINUSDT,2025-05-17 01:00:00,0.17403,0.1775,0.1683,0.17387,2811800.0
LAUNCHCOINUSDT,2025-05-17 01:15:00,0.17387,0.17604,0.16675,0.16707,1409060.0
LAUNCHCOINUSDT,2025-05-17 01:30:00,0.16707,0.1709,0.16521,0.17085,1865880.0
LAUNCHCOINUSDT,2025-05-17 01:45:00,0.17085,0.17354,0.17011,0.17155,696120.0
LAUNCHCOINUSDT,2025-05-17 02:00:00,0.17155,0.17402,0.16876,0.1722,912270.0
LAUNCHCOINUSDT,2025-05-17 02:15:00,0.1722,0.17897,0.16549,0.17897,1982030.0
LAUNCHCOINUSDT,2025-05-17 02:30:00,0.17897,0.18587,0.17682,0.18414,3430330.0
LAUNCHCOINUSDT,2025-05-17 02:45:00,0.18414,0.192,0.18171,0.19102,1896970.0
LAUNCHCOINUSDT,2025-05-17 03:00:00,0.19102,0.20435,0.18967,0.19893,3550740.0
LAUNCHCOINUSDT,2025-05-17 03:15:00,0.19893,0.20584,0.19281,0.20345,2533710.0
LAUNCHCOINUSDT,2025-05-17 03:30:00,0.20345,0.20551,0.1969,0.1979,1892060.0
LAUNCHCOINUSDT,2025-05-17 03:45:00,0.1979,0.20425,0.19699,0.20275,1137640.0
LAUNCHCOINUSDT,2025-05-17 04:00:00,0.20275,0.21258,0.19766,0.20898,1538290.0
LAUNCHCOINUSDT,2025-05-17 04:15:00,0.20898,0.2145,0.20653,0.20969,1994720.0
LAUNCHCOINUSDT,2025-05-17 04:30:00,0.20969,0.21704,0.20546,0.21284,2344870.0
LAUNCHCOINUSDT,2025-05-17 04:45:00,0.21284,0.21284,0.20454,0.20488,1165010.0
LAUNCHCOINUSDT,2025-05-17 05:00:00,0.20488,0.20868,0.20238,0.20747,1046450.0
LAUNCHCOINUSDT,2025-05-17 05:15:00,0.20747,0.20868,0.19928,0.20666,2444250.0
LAUNCHCOINUSDT,2025-05-17 05:30:00,0.20666,0.2111,0.20333,0.20883,2220850.0
LAUNCHCOINUSDT,2025-05-17 05:45:00,0.20883,0.20883,0.19163,0.1967,3667140.0
LAUNCHCOINUSDT,2025-05-17 06:00:00,0.1967,0.20271,0.19632,0.20025,2105280.0
LAUNCHCOINUSDT,2025-05-17 06:15:00,0.20025,0.20025,0.19035,0.1931,1825110.0
LAUNCHCOINUSDT,2025-05-17 06:30:00,0.1931,0.1968,0.19092,0.19611,1287070.0
LAUNCHCOINUSDT,2025-05-17 06:45:00,0.19611,0.19973,0.19343,0.19812,969160.0
LAUNCHCOINUSDT,2025-05-17 07:00:00,0.19812,0.20623,0.19714,0.20334,2265740.0
LAUNCHCOINUSDT,2025-05-17 07:15:00,0.20334,0.21714,0.20236,0.20889,2569630.0
LAUNCHCOINUSDT,2025-05-17 07:30:00,0.20889,0.21372,0.19956,0.20066,2506880.0
LAUNCHCOINUSDT,2025-05-17 07:45:00,0.20066,0.20162,0.19238,0.19703,2541050.0
LAUNCHCOINUSDT,2025-05-17 08:00:00,0.19703,0.19729,0.1833,0.1847,3850050.0
LAUNCHCOINUSDT,2025-05-17 08:15:00,0.1847,0.18699,0.18143,0.18413,2143950.0
LAUNCHCOINUSDT,2025-05-17 08:30:00,0.18413,0.1862,0.18112,0.18409,1833390.0
LAUNCHCOINUSDT,2025-05-17 08:45:00,0.18409,0.18561,0.18003,0.18378,1576450.0
LAUNCHCOINUSDT,2025-05-17 09:00:00,0.18378,0.18623,0.179,0.18195,2767790.0
LAUNCHCOINUSDT,2025-05-17 09:15:00,0.18195,0.18432,0.18053,0.1842,702510.0
LAUNCHCOINUSDT,2025-05-17 09:30:00,0.1842,0.18681,0.17953,0.18327,1652720.0
LAUNCHCOINUSDT,2025-05-17 09:45:00,0.18327,0.18494,0.18063,0.1809,1127340.0
LAUNCHCOINUSDT,2025-05-17 10:00:00,0.1809,0.18931,0.1801,0.18876,1948550.0
LAUNCHCOINUSDT,2025-05-17 10:15:00,0.18876,0.19939,0.1885,0.19724,3093090.0
LAUNCHCOINUSDT,2025-05-17 10:30:00,0.19724,0.19846,0.19129,0.19173,2113420.0
LAUNCHCOINUSDT,2025-05-17 10:45:00,0.19173,0.19451,0.18881,0.18896,1450530.0
LAUNCHCOINUSDT,2025-05-17 11:00:00,0.18896,0.19195,0.18765,0.19042,1584860.0
LAUNCHCOINUSDT,2025-05-17 11:15:00,0.19042,0.1946,0.18894,0.19074,1306740.0
LAUNCHCOINUSDT,2025-05-17 11:30:00,0.19074,0.21148,0.19008,0.20713,4308270.0
LAUNCHCOINUSDT,2025-05-17 11:45:00,0.20713,0.20955,0.20424,0.20519,1721890.0
LAUNCHCOINUSDT,2025-05-17 12:00:00,0.20519,0.20894,0.20306,0.20866,1873570.0
LAUNCHCOINUSDT,2025-05-17 12:15:00,0.20866,0.2098,0.20406,0.20733,1575770.0
LAUNCHCOINUSDT,2025-05-17 12:30:00,0.20733,0.20972,0.20503,0.20587,1410240.0
LAUNCHCOINUSDT,2025-05-17 12:45:00,0.20587,0.20674,0.19966,0.2013,2262870.0
LAUNCHCOINUSDT,2025-05-17 13:00:00,0.2013,0.202,0.195,0.19713,2350390.0
LAUNCHCOINUSDT,2025-05-17 13:15:00,0.19713,0.1991,0.19141,0.19326,1538980.0
LAUNCHCOINUSDT,2025-05-17 13:30:00,0.19326,0.1947,0.19005,0.1913,1432870.0
LAUNCHCOINUSDT,2025-05-17 13:45:00,0.1913,0.19441,0.1895,0.19117,1657830.0
LAUNCHCOINUSDT,2025-05-17 14:00:00,0.19117,0.19502,0.19001,0.19449,1479610.0
LAUNCHCOINUSDT,2025-05-17 14:15:00,0.19449,0.20004,0.19077,0.20004,1914590.0
LAUNCHCOINUSDT,2025-05-17 14:30:00,0.20004,0.21164,0.19963,0.20778,4752660.0
LAUNCHCOINUSDT,2025-05-17 14:45:00,0.20778,0.21092,0.20484,0.20785,3087080.0
LAUNCHCOINUSDT,2025-05-17 15:00:00,0.20785,0.20867,0.20193,0.20294,3160890.0
LAUNCHCOINUSDT,2025-05-17 15:15:00,0.20294,0.2106,0.20237,0.20619,2793470.0
LAUNCHCOINUSDT,2025-05-17 15:30:00,0.20619,0.20648,0.19944,0.2014,2272750.0
LAUNCHCOINUSDT,2025-05-17 15:45:00,0.2014,0.20212,0.19731,0.20212,2053580.0
LAUNCHCOINUSDT,2025-05-17 16:00:00,0.20212,0.2133,0.20121,0.20272,4484620.0
LAUNCHCOINUSDT,2025-05-17 16:15:00,0.20272,0.20651,0.19864,0.2054,3702720.0
LAUNCHCOINUSDT,2025-05-17 16:30:00,0.2054,0.2054,0.19483,0.1956,2352740.0
LAUNCHCOINUSDT,2025-05-17 16:45:00,0.1956,0.19602,0.18565,0.19148,3743150.0
LAUNCHCOINUSDT,2025-05-17 17:00:00,0.19148,0.19737,0.18796,0.18929,3236120.0
LAUNCHCOINUSDT,2025-05-17 17:15:00,0.18929,0.1931,0.18784,0.1913,1139000.0
LAUNCHCOINUSDT,2025-05-17 17:30:00,0.1913,0.19213,0.18275,0.1847,1802080.0
LAUNCHCOINUSDT,2025-05-17 17:45:00,0.1847,0.18599,0.18208,0.18292,1098920.0
LAUNCHCOINUSDT,2025-05-17 18:00:00,0.18292,0.18598,0.178,0.18186,1334530.0
LAUNCHCOINUSDT,2025-05-17 18:15:00,0.18186,0.18777,0.18063,0.18393,975270.0
LAUNCHCOINUSDT,2025-05-17 18:30:00,0.18393,0.18535,0.17844,0.17947,1112280.0
LAUNCHCOINUSDT,2025-05-17 18:45:00,0.17947,0.182,0.17549,0.17992,1473170.0
LAUNCHCOINUSDT,2025-05-17 19:00:00,0.17992,0.18024,0.17589,0.17716,934600.0
LAUNCHCOINUSDT,2025-05-17 19:15:00,0.17716,0.1814,0.17648,0.1795,699420.0
LAUNCHCOINUSDT,2025-05-17 19:30:00,0.1795,0.1795,0.17426,0.17542,980700.0
LAUNCHCOINUSDT,2025-05-17 19:45:00,0.17542,0.178,0.17452,0.17626,679120.0
LAUNCHCOINUSDT,2025-05-17 20:00:00,0.17626,0.1806,0.1741,0.17447,808240.0
LAUNCHCOINUSDT,2025-05-17 20:15:00,0.17447,0.17799,0.17372,0.17767,899470.0
LAUNCHCOINUSDT,2025-05-17 20:30:00,0.17767,0.18307,0.1755,0.18197,1161790.0
LAUNCHCOINUSDT,2025-05-17 20:45:00,0.18197,0.1962,0.17904,0.19252,3324210.0
LAUNCHCOINUSDT,2025-05-17 21:00:00,0.19252,0.20229,0.1894,0.19848,3536690.0
LAUNCHCOINUSDT,2025-05-17 21:15:00,0.19848,0.20428,0.19092,0.20002,3557520.0
LAUNCHCOINUSDT,2025-05-17 21:30:00,0.20002,0.20219,0.19538,0.19592,1268910.0
LAUNCHCOINUSDT,2025-05-17 21:45:00,0.19592,0.20069,0.19506,0.198,1130400.0
LAUNCHCOINUSDT,2025-05-17 22:00:00,0.198,0.19986,0.19194,0.19392,1723720.0
LAUNCHCOINUSDT,2025-05-17 22:15:00,0.19392,0.197,0.19076,0.19284,1895890.0
LAUNCHCOINUSDT,2025-05-17 22:30:00,0.19284,0.21468,0.19269,0.20954,4374130.0
LAUNCHCOINUSDT,2025-05-17 22:45:00,0.20954,0.22497,0.20813,0.21564,6941920.0
LAUNCHCOINUSDT,2025-05-17 23:00:00,0.21564,0.22888,0.2148,0.22183,5113530.0
LAUNCHCOINUSDT,2025-05-17 23:15:00,0.22183,0.22383,0.21508,0.22265,3956230.0
LAUNCHCOINUSDT,2025-05-17 23:30:00,0.22265,0.2247,0.21333,0.21648,4669480.0
LAUNCHCOINUSDT,2025-05-17 23:45:00,0.21648,0.22128,0.20795,0.21111,3076340.0
LAUNCHCOINUSDT,2025-05-18 00:00:00,0.21111,0.21684,0.2104,0.21653,1502210.0
LAUNCHCOINUSDT,2025-05-18 00:15:00,0.21653,0.22402,0.21166,0.22072,3338410.0
LAUNCHCOINUSDT,2025-05-18 00:30:00,0.22072,0.22436,0.2148,0.22119,3254960.0
LAUNCHCOINUSDT,2025-05-18 00:45:00,0.22119,0.22278,0.21762,0.21812,2012410.0
LAUNCHCOINUSDT,2025-05-18 01:00:00,0.21812,0.2282,0.21342,0.22256,4277830.0
LAUNCHCOINUSDT,2025-05-18 01:15:00,0.22256,0.22755,0.21946,0.22113,3011560.0
LAUNCHCOINUSDT,2025-05-18 01:30:00,0.22113,0.22523,0.21776,0.21916,2510040.0
LAUNCHCOINUSDT,2025-05-18 01:45:00,0.21916,0.21916,0.21456,0.21611,2089210.0
LAUNCHCOINUSDT,2025-05-18 02:00:00,0.21611,0.22083,0.21338,0.21939,2129380.0
LAUNCHCOINUSDT,2025-05-18 02:15:00,0.21939,0.22011,0.21211,0.2124,2056430.0
LAUNCHCOINUSDT,2025-05-18 02:30:00,0.2124,0.21443,0.20666,0.20942,2380880.0
LAUNCHCOINUSDT,2025-05-18 02:45:00,0.20942,0.21023,0.205,0.20566,1213520.0
LAUNCHCOINUSDT,2025-05-18 03:00:00,0.20566,0.21064,0.2055,0.20642,1407040.0
LAUNCHCOINUSDT,2025-05-18 03:15:00,0.20642,0.20864,0.2,0.20551,2619830.0
LAUNCHCOINUSDT,2025-05-18 03:30:00,0.20551,0.21185,0.2047,0.21117,1270420.0
LAUNCHCOINUSDT,2025-05-18 03:45:00,0.21117,0.23842,0.21008,0.23489,5574410.0
LAUNCHCOINUSDT,2025-05-18 04:00:00,0.23489,0.24134,0.22814,0.23873,5600690.0
LAUNCHCOINUSDT,2025-05-18 04:15:00,0.23873,0.24107,0.23479,0.23768,2240020.0
LAUNCHCOINUSDT,2025-05-18 04:30:00,0.23768,0.24799,0.23582,0.24432,3248350.0
LAUNCHCOINUSDT,2025-05-18 04:45:00,0.24432,0.24908,0.24142,0.24347,3474280.0
LAUNCHCOINUSDT,2025-05-18 05:00:00,0.24347,0.24897,0.24137,0.24614,2513050.0
LAUNCHCOINUSDT,2025-05-18 05:15:00,0.24614,0.25076,0.2429,0.24844,2157200.0
LAUNCHCOINUSDT,2025-05-18 05:30:00,0.24844,0.25435,0.24491,0.24576,3474460.0
LAUNCHCOINUSDT,2025-05-18 05:45:00,0.24576,0.25301,0.2406,0.25118,2114280.0
LAUNCHCOINUSDT,2025-05-18 06:00:00,0.25118,0.25386,0.24501,0.25309,1594920.0
LAUNCHCOINUSDT,2025-05-18 06:15:00,0.25309,0.25397,0.24725,0.25024,1697990.0
LAUNCHCOINUSDT,2025-05-18 06:30:00,0.25024,0.25076,0.24458,0.24643,1541980.0
LAUNCHCOINUSDT,2025-05-18 06:45:00,0.24643,0.24888,0.24236,0.24433,2432710.0
LAUNCHCOINUSDT,2025-05-18 07:00:00,0.24433,0.25214,0.24281,0.25019,2029630.0
LAUNCHCOINUSDT,2025-05-18 07:15:00,0.25019,0.254,0.24766,0.24982,1108990.0
LAUNCHCOINUSDT,2025-05-18 07:30:00,0.24982,0.2512,0.24675,0.24777,1108500.0
LAUNCHCOINUSDT,2025-05-18 07:45:00,0.24777,0.25427,0.2438,0.25176,1833230.0
LAUNCHCOINUSDT,2025-05-18 08:00:00,0.25176,0.2624,0.25033,0.25316,4409840.0
LAUNCHCOINUSDT,2025-05-18 08:15:00,0.25316,0.25342,0.24444,0.25115,4552830.0
LAUNCHCOINUSDT,2025-05-18 08:30:00,0.25115,0.265,0.25051,0.26024,3833590.0
LAUNCHCOINUSDT,2025-05-18 08:45:00,0.26024,0.27846,0.25709,0.27053,4596290.0
LAUNCHCOINUSDT,2025-05-18 09:00:00,0.27053,0.27524,0.26602,0.27268,2167730.0
LAUNCHCOINUSDT,2025-05-18 09:15:00,0.27268,0.27284,0.25173,0.25587,3111870.0
LAUNCHCOINUSDT,2025-05-18 09:30:00,0.25587,0.26026,0.252,0.25429,1626950.0
LAUNCHCOINUSDT,2025-05-18 09:45:00,0.25429,0.25744,0.24807,0.25135,1550530.0
LAUNCHCOINUSDT,2025-05-18 10:00:00,0.25135,0.254,0.24739,0.25273,2281840.0
LAUNCHCOINUSDT,2025-05-18 10:15:00,0.25273,0.25363,0.24458,0.2455,1873080.0
LAUNCHCOINUSDT,2025-05-18 10:30:00,0.2455,0.24941,0.24269,0.24627,1426890.0
LAUNCHCOINUSDT,2025-05-18 10:45:00,0.24627,0.24808,0.24329,0.245,920530.0
LAUNCHCOINUSDT,2025-05-18 11:00:00,0.245,0.24615,0.24036,0.24351,1781510.0
LAUNCHCOINUSDT,2025-05-18 11:15:00,0.24351,0.25121,0.24333,0.24538,2242560.0
LAUNCHCOINUSDT,2025-05-18 11:30:00,0.24538,0.24923,0.24427,0.24487,1070110.0
LAUNCHCOINUSDT,2025-05-18 11:45:00,0.24487,0.24534,0.23706,0.24263,1676680.0
LAUNCHCOINUSDT,2025-05-18 12:00:00,0.24263,0.24611,0.23883,0.24194,1840380.0
LAUNCHCOINUSDT,2025-05-18 12:15:00,0.24194,0.24859,0.24111,0.24544,1407350.0
LAUNCHCOINUSDT,2025-05-18 12:30:00,0.24544,0.24544,0.24118,0.24165,587840.0
LAUNCHCOINUSDT,2025-05-18 12:45:00,0.24165,0.24487,0.24001,0.24455,839160.0
LAUNCHCOINUSDT,2025-05-18 13:00:00,0.24455,0.24631,0.23732,0.24163,1984340.0
LAUNCHCOINUSDT,2025-05-18 13:15:00,0.24163,0.25687,0.23878,0.25372,2267790.0
LAUNCHCOINUSDT,2025-05-18 13:30:00,0.25372,0.26052,0.249,0.25639,3522300.0
LAUNCHCOINUSDT,2025-05-18 13:45:00,0.25639,0.26199,0.25435,0.26059,2442420.0
LAUNCHCOINUSDT,2025-05-18 14:00:00,0.26059,0.2606,0.25366,0.25587,2104370.0
LAUNCHCOINUSDT,2025-05-18 14:15:00,0.25587,0.26414,0.25582,0.26078,1900310.0
LAUNCHCOINUSDT,2025-05-18 14:30:00,0.26078,0.26563,0.25646,0.25936,2584890.0
LAUNCHCOINUSDT,2025-05-18 14:45:00,0.25936,0.26364,0.25687,0.25695,1529290.0
LAUNCHCOINUSDT,2025-05-18 15:00:00,0.25695,0.26255,0.256,0.2596,1633060.0
LAUNCHCOINUSDT,2025-05-18 15:15:00,0.2596,0.2608,0.25628,0.25967,1487310.0
LAUNCHCOINUSDT,2025-05-18 15:30:00,0.25967,0.26316,0.25773,0.26187,778750.0
LAUNCHCOINUSDT,2025-05-18 15:45:00,0.26187,0.27321,0.26108,0.26928,2730530.0
LAUNCHCOINUSDT,2025-05-18 16:00:00,0.26928,0.27333,0.26505,0.26605,1300670.0
LAUNCHCOINUSDT,2025-05-18 16:15:00,0.26605,0.26605,0.253,0.25516,2811100.0
LAUNCHCOINUSDT,2025-05-18 16:30:00,0.25516,0.25543,0.2482,0.24943,2049580.0
LAUNCHCOINUSDT,2025-05-18 16:45:00,0.24943,0.25362,0.2476,0.24958,1085680.0
LAUNCHCOINUSDT,2025-05-18 17:00:00,0.24958,0.24999,0.24306,0.24392,998210.0
LAUNCHCOINUSDT,2025-05-18 17:15:00,0.24392,0.24649,0.2418,0.24273,1557160.0
LAUNCHCOINUSDT,2025-05-18 17:30:00,0.24273,0.24555,0.23892,0.24149,1727130.0
LAUNCHCOINUSDT,2025-05-18 17:45:00,0.24149,0.24177,0.23048,0.23152,2353010.0
LAUNCHCOINUSDT,2025-05-18 18:00:00,0.23152,0.23233,0.22251,0.22769,3925580.0
LAUNCHCOINUSDT,2025-05-18 18:15:00,0.22769,0.2277,0.2175,0.22143,3434360.0
LAUNCHCOINUSDT,2025-05-18 18:30:00,0.22143,0.22632,0.21878,0.22543,1384750.0
LAUNCHCOINUSDT,2025-05-18 18:45:00,0.22543,0.23314,0.22446,0.23221,1722920.0
LAUNCHCOINUSDT,2025-05-18 19:00:00,0.23221,0.23452,0.22792,0.22871,1470510.0
LAUNCHCOINUSDT,2025-05-18 19:15:00,0.22871,0.22871,0.2223,0.22319,1137030.0
LAUNCHCOINUSDT,2025-05-18 19:30:00,0.22319,0.22638,0.21977,0.22313,1690970.0
LAUNCHCOINUSDT,2025-05-18 19:45:00,0.22313,0.22445,0.21915,0.21919,1104240.0
LAUNCHCOINUSDT,2025-05-18 20:00:00,0.21919,0.22019,0.211,0.21863,2983070.0
LAUNCHCOINUSDT,2025-05-18 20:15:00,0.21863,0.21898,0.21529,0.21811,1031250.0
LAUNCHCOINUSDT,2025-05-18 20:30:00,0.21811,0.22272,0.21492,0.22205,1269070.0
LAUNCHCOINUSDT,2025-05-18 20:45:00,0.22205,0.22571,0.21952,0.22455,1131320.0
LAUNCHCOINUSDT,2025-05-18 21:00:00,0.22455,0.22884,0.22377,0.22758,1263910.0
LAUNCHCOINUSDT,2025-05-18 21:15:00,0.22758,0.23033,0.22547,0.22985,825980.0
LAUNCHCOINUSDT,2025-05-18 21:30:00,0.22985,0.23247,0.22533,0.23169,1243980.0
LAUNCHCOINUSDT,2025-05-18 21:45:00,0.23169,0.24018,0.23096,0.23403,2123590.0
LAUNCHCOINUSDT,2025-05-18 22:00:00,0.23403,0.23708,0.22764,0.22945,1779740.0
LAUNCHCOINUSDT,2025-05-18 22:15:00,0.22945,0.24304,0.22881,0.2398,2070840.0
LAUNCHCOINUSDT,2025-05-18 22:30:00,0.2398,0.24439,0.23958,0.24104,1081280.0
LAUNCHCOINUSDT,2025-05-18 22:45:00,0.24104,0.24978,0.24032,0.24955,1595480.0
LAUNCHCOINUSDT,2025-05-18 23:00:00,0.24955,0.24967,0.24041,0.24311,1657200.0
LAUNCHCOINUSDT,2025-05-18 23:15:00,0.24311,0.24699,0.24165,0.24656,405450.0
LAUNCHCOINUSDT,2025-05-18 23:30:00,0.24656,0.2549,0.24577,0.25371,1140690.0
LAUNCHCOINUSDT,2025-05-18 23:45:00,0.25371,0.27444,0.25234,0.27427,2691560.0
LAUNCHCOINUSDT,2025-05-19 00:00:00,0.27427,0.29575,0.2737,0.27898,4563240.0
LAUNCHCOINUSDT,2025-05-19 00:15:00,0.27898,0.27901,0.26474,0.26483,2570770.0
LAUNCHCOINUSDT,2025-05-19 00:30:00,0.26483,0.2693,0.25678,0.25942,3051980.0
LAUNCHCOINUSDT,2025-05-19 00:45:00,0.25942,0.26644,0.25647,0.25834,2178880.0
LAUNCHCOINUSDT,2025-05-19 01:00:00,0.25834,0.26487,0.25548,0.25722,1346410.0
LAUNCHCOINUSDT,2025-05-19 01:15:00,0.25722,0.26225,0.25114,0.25623,2951900.0
LAUNCHCOINUSDT,2025-05-19 01:30:00,0.25623,0.26046,0.25297,0.25422,761570.0
LAUNCHCOINUSDT,2025-05-19 01:45:00,0.25422,0.258,0.25333,0.25462,526080.0
LAUNCHCOINUSDT,2025-05-19 02:00:00,0.25462,0.2586,0.2461,0.2461,1380420.0
LAUNCHCOINUSDT,2025-05-19 02:15:00,0.2461,0.24882,0.24262,0.24856,1106090.0
LAUNCHCOINUSDT,2025-05-19 02:30:00,0.24856,0.25002,0.24344,0.24451,843570.0
LAUNCHCOINUSDT,2025-05-19 02:45:00,0.24451,0.24578,0.23782,0.2415,879220.0
LAUNCHCOINUSDT,2025-05-19 03:00:00,0.2415,0.24314,0.23701,0.24156,903280.0
LAUNCHCOINUSDT,2025-05-19 03:15:00,0.24156,0.24485,0.2399,0.24112,1081220.0
LAUNCHCOINUSDT,2025-05-19 03:30:00,0.24112,0.24116,0.23243,0.23467,1385570.0
LAUNCHCOINUSDT,2025-05-19 03:45:00,0.23467,0.23488,0.21988,0.22373,2242010.0
LAUNCHCOINUSDT,2025-05-19 04:00:00,0.22373,0.22559,0.21714,0.22185,1666480.0
LAUNCHCOINUSDT,2025-05-19 04:15:00,0.22185,0.22523,0.21818,0.22098,978900.0
LAUNCHCOINUSDT,2025-05-19 04:30:00,0.22098,0.22401,0.21613,0.2162,1609920.0
LAUNCHCOINUSDT,2025-05-19 04:45:00,0.2162,0.2171,0.20687,0.21196,3130200.0
LAUNCHCOINUSDT,2025-05-19 05:00:00,0.21196,0.216,0.20965,0.216,1715600.0
LAUNCHCOINUSDT,2025-05-19 05:15:00,0.216,0.21807,0.21333,0.21431,1293400.0
LAUNCHCOINUSDT,2025-05-19 05:30:00,0.21431,0.21923,0.21223,0.21518,1805830.0
LAUNCHCOINUSDT,2025-05-19 05:45:00,0.21518,0.21528,0.20375,0.20688,2325110.0
LAUNCHCOINUSDT,2025-05-19 06:00:00,0.20688,0.21882,0.20341,0.21574,2935900.0
LAUNCHCOINUSDT,2025-05-19 06:15:00,0.21574,0.21574,0.20955,0.21161,1133140.0
LAUNCHCOINUSDT,2025-05-19 06:30:00,0.21161,0.21294,0.20649,0.20896,1616160.0
LAUNCHCOINUSDT,2025-05-19 06:45:00,0.20896,0.20914,0.20148,0.20229,1960300.0
LAUNCHCOINUSDT,2025-05-19 07:00:00,0.20229,0.21612,0.20229,0.2127,1990700.0
LAUNCHCOINUSDT,2025-05-19 07:15:00,0.2127,0.21814,0.21134,0.21261,1609220.0
LAUNCHCOINUSDT,2025-05-19 07:30:00,0.21261,0.21803,0.21151,0.21757,797310.0
LAUNCHCOINUSDT,2025-05-19 07:45:00,0.21757,0.21914,0.20812,0.2102,1693960.0
LAUNCHCOINUSDT,2025-05-19 08:00:00,0.2102,0.2142,0.20889,0.2138,605970.0
LAUNCHCOINUSDT,2025-05-19 08:15:00,0.2138,0.21722,0.21112,0.21256,1074450.0
LAUNCHCOINUSDT,2025-05-19 08:30:00,0.21256,0.21399,0.20647,0.20826,1865950.0
LAUNCHCOINUSDT,2025-05-19 08:45:00,0.20826,0.21065,0.20813,0.21008,384310.0
LAUNCHCOINUSDT,2025-05-19 09:00:00,0.21008,0.21327,0.20843,0.21257,826150.0
LAUNCHCOINUSDT,2025-05-19 09:15:00,0.21257,0.21716,0.21257,0.21665,1441100.0
LAUNCHCOINUSDT,2025-05-19 09:30:00,0.21665,0.22058,0.213,0.21574,2040310.0
LAUNCHCOINUSDT,2025-05-19 09:45:00,0.21574,0.21604,0.21207,0.21438,624320.0
LAUNCHCOINUSDT,2025-05-19 10:00:00,0.21438,0.21529,0.20946,0.21048,618840.0
LAUNCHCOINUSDT,2025-05-19 10:15:00,0.21048,0.21322,0.20932,0.21273,558920.0
LAUNCHCOINUSDT,2025-05-19 10:30:00,0.21273,0.21334,0.2102,0.21293,361670.0
LAUNCHCOINUSDT,2025-05-19 10:45:00,0.21293,0.21457,0.2117,0.2133,379160.0
LAUNCHCOINUSDT,2025-05-19 11:00:00,0.2133,0.21785,0.2133,0.21574,868970.0
LAUNCHCOINUSDT,2025-05-19 11:15:00,0.21574,0.21865,0.21372,0.21751,661520.0
LAUNCHCOINUSDT,2025-05-19 11:30:00,0.21751,0.22256,0.21597,0.22254,2175070.0
LAUNCHCOINUSDT,2025-05-19 11:45:00,0.22254,0.22349,0.21708,0.21999,1207960.0
LAUNCHCOINUSDT,2025-05-19 12:00:00,0.21999,0.21999,0.2092,0.21069,1898650.0
LAUNCHCOINUSDT,2025-05-19 12:15:00,0.21069,0.21069,0.20358,0.20473,2760920.0
LAUNCHCOINUSDT,2025-05-19 12:30:00,0.20473,0.20539,0.19436,0.19884,5462840.0
LAUNCHCOINUSDT,2025-05-19 12:45:00,0.19884,0.19941,0.1893,0.1954,3596610.0
LAUNCHCOINUSDT,2025-05-19 13:00:00,0.1954,0.19746,0.19195,0.19491,2386000.0
LAUNCHCOINUSDT,2025-05-19 13:15:00,0.19491,0.19782,0.1939,0.19474,1256060.0
LAUNCHCOINUSDT,2025-05-19 13:30:00,0.19474,0.20604,0.19268,0.20592,3804800.0
LAUNCHCOINUSDT,2025-05-19 13:45:00,0.20592,0.2097,0.20087,0.20533,3556540.0
LAUNCHCOINUSDT,2025-05-19 14:00:00,0.20533,0.2085,0.20201,0.20706,2022790.0
LAUNCHCOINUSDT,2025-05-19 14:15:00,0.20706,0.21141,0.20613,0.21079,2372680.0
LAUNCHCOINUSDT,2025-05-19 14:30:00,0.21079,0.21382,0.20805,0.20884,2037020.0
LAUNCHCOINUSDT,2025-05-19 14:45:00,0.20884,0.2145,0.20806,0.21028,1255190.0
LAUNCHCOINUSDT,2025-05-19 15:00:00,0.21028,0.21242,0.20681,0.21215,1516070.0
LAUNCHCOINUSDT,2025-05-19 15:15:00,0.21215,0.21961,0.20961,0.21502,2925560.0
LAUNCHCOINUSDT,2025-05-19 15:30:00,0.21502,0.21701,0.21282,0.216,754910.0
LAUNCHCOINUSDT,2025-05-19 15:45:00,0.216,0.21771,0.21352,0.21537,828850.0
LAUNCHCOINUSDT,2025-05-19 16:00:00,0.21537,0.21627,0.2093,0.21069,1517550.0
LAUNCHCOINUSDT,2025-05-19 16:15:00,0.21069,0.21771,0.2093,0.21573,1318830.0
LAUNCHCOINUSDT,2025-05-19 16:30:00,0.21573,0.22396,0.21573,0.2213,2189090.0
LAUNCHCOINUSDT,2025-05-19 16:45:00,0.2213,0.22947,0.21721,0.22693,2064790.0
LAUNCHCOINUSDT,2025-05-19 17:00:00,0.22693,0.23474,0.22148,0.22328,3284610.0
LAUNCHCOINUSDT,2025-05-19 17:15:00,0.22328,0.22641,0.2189,0.22459,1360180.0
LAUNCHCOINUSDT,2025-05-19 17:30:00,0.22459,0.23778,0.22206,0.23328,2638870.0
LAUNCHCOINUSDT,2025-05-19 17:45:00,0.23328,0.23951,0.2312,0.2319,1743220.0
LAUNCHCOINUSDT,2025-05-19 18:00:00,0.2319,0.23365,0.22619,0.22993,1216520.0
LAUNCHCOINUSDT,2025-05-19 18:15:00,0.22993,0.2348,0.22509,0.22669,1154200.0
LAUNCHCOINUSDT,2025-05-19 18:30:00,0.22669,0.22669,0.21636,0.21763,1737560.0
LAUNCHCOINUSDT,2025-05-19 18:45:00,0.21763,0.21871,0.21312,0.21648,960000.0
LAUNCHCOINUSDT,2025-05-19 19:00:00,0.21648,0.21947,0.21248,0.21517,1343820.0
LAUNCHCOINUSDT,2025-05-19 19:15:00,0.21517,0.21738,0.21121,0.214,1619540.0
LAUNCHCOINUSDT,2025-05-19 19:30:00,0.214,0.21948,0.21127,0.21688,1261590.0
LAUNCHCOINUSDT,2025-05-19 19:45:00,0.21688,0.21889,0.21472,0.21868,490740.0
LAUNCHCOINUSDT,2025-05-19 20:00:00,0.21868,0.2295,0.21755,0.22645,1565770.0
LAUNCHCOINUSDT,2025-05-19 20:15:00,0.22645,0.24474,0.22645,0.24183,2237600.0
LAUNCHCOINUSDT,2025-05-19 20:30:00,0.24183,0.24558,0.23189,0.23431,1537860.0
LAUNCHCOINUSDT,2025-05-19 20:45:00,0.23431,0.23646,0.225,0.22765,1201250.0
LAUNCHCOINUSDT,2025-05-19 21:00:00,0.22765,0.232,0.2272,0.23087,693140.0
LAUNCHCOINUSDT,2025-05-19 21:15:00,0.23087,0.23181,0.21792,0.21958,789800.0
LAUNCHCOINUSDT,2025-05-19 21:30:00,0.21958,0.22096,0.21558,0.217,912980.0
LAUNCHCOINUSDT,2025-05-19 21:45:00,0.217,0.22629,0.21671,0.22427,976450.0
LAUNCHCOINUSDT,2025-05-19 22:00:00,0.22427,0.22788,0.22246,0.22278,945340.0
LAUNCHCOINUSDT,2025-05-19 22:15:00,0.22278,0.22313,0.21777,0.21843,919940.0
LAUNCHCOINUSDT,2025-05-19 22:30:00,0.21843,0.22593,0.21825,0.22405,1806770.0
LAUNCHCOINUSDT,2025-05-19 22:45:00,0.22405,0.22737,0.2228,0.22317,640120.0
LAUNCHCOINUSDT,2025-05-19 23:00:00,0.22317,0.22843,0.22317,0.22516,642390.0
LAUNCHCOINUSDT,2025-05-19 23:15:00,0.22516,0.22651,0.21878,0.21906,512120.0
LAUNCHCOINUSDT,2025-05-19 23:30:00,0.21906,0.22305,0.21727,0.22138,800840.0
LAUNCHCOINUSDT,2025-05-19 23:45:00,0.22138,0.22562,0.22057,0.22126,673090.0
LAUNCHCOINUSDT,2025-05-20 00:00:00,0.22126,0.22718,0.21844,0.22534,1076440.0
LAUNCHCOINUSDT,2025-05-20 00:15:00,0.22534,0.24078,0.22531,0.23253,3680020.0
LAUNCHCOINUSDT,2025-05-20 00:30:00,0.23253,0.23558,0.22646,0.2275,2228910.0
LAUNCHCOINUSDT,2025-05-20 00:45:00,0.2275,0.2292,0.22026,0.22106,1032470.0
LAUNCHCOINUSDT,2025-05-20 01:00:00,0.22106,0.22885,0.21805,0.22514,1716400.0
LAUNCHCOINUSDT,2025-05-20 01:15:00,0.22514,0.23082,0.22375,0.22655,1165310.0
LAUNCHCOINUSDT,2025-05-20 01:30:00,0.22655,0.2401,0.22477,0.23559,2105440.0
LAUNCHCOINUSDT,2025-05-20 01:45:00,0.23559,0.23951,0.23113,0.23339,917230.0
LAUNCHCOINUSDT,2025-05-20 02:00:00,0.23339,0.24351,0.23339,0.2386,1043890.0
LAUNCHCOINUSDT,2025-05-20 02:15:00,0.2386,0.25443,0.2386,0.24434,3402880.0
LAUNCHCOINUSDT,2025-05-20 02:30:00,0.24434,0.24923,0.24056,0.24083,1246120.0
LAUNCHCOINUSDT,2025-05-20 02:45:00,0.24083,0.24472,0.23706,0.24224,1244180.0
LAUNCHCOINUSDT,2025-05-20 03:00:00,0.24224,0.24232,0.23539,0.23605,1004450.0
LAUNCHCOINUSDT,2025-05-20 03:15:00,0.23605,0.24276,0.236,0.2396,639280.0
LAUNCHCOINUSDT,2025-05-20 03:30:00,0.2396,0.2398,0.23236,0.23821,926860.0
LAUNCHCOINUSDT,2025-05-20 03:45:00,0.23821,0.24,0.235,0.23655,599090.0
LAUNCHCOINUSDT,2025-05-20 04:00:00,0.23655,0.23796,0.23224,0.23317,935460.0
LAUNCHCOINUSDT,2025-05-20 04:15:00,0.23317,0.23368,0.23,0.23199,472930.0
LAUNCHCOINUSDT,2025-05-20 04:30:00,0.23199,0.23527,0.23014,0.23515,583420.0
LAUNCHCOINUSDT,2025-05-20 04:45:00,0.23515,0.24349,0.23464,0.24135,2244590.0
LAUNCHCOINUSDT,2025-05-20 05:00:00,0.24135,0.25355,0.24134,0.25316,4285030.0
LAUNCHCOINUSDT,2025-05-20 05:15:00,0.25316,0.25688,0.24792,0.25448,2648850.0
LAUNCHCOINUSDT,2025-05-20 05:30:00,0.25448,0.25897,0.24965,0.25379,1982010.0
LAUNCHCOINUSDT,2025-05-20 05:45:00,0.25379,0.25611,0.24894,0.2495,1152800.0
LAUNCHCOINUSDT,2025-05-20 06:00:00,0.2495,0.25302,0.24193,0.24557,2475360.0
LAUNCHCOINUSDT,2025-05-20 06:15:00,0.24557,0.25182,0.24366,0.24592,1725810.0
LAUNCHCOINUSDT,2025-05-20 06:30:00,0.24592,0.2495,0.24466,0.24909,1191800.0
LAUNCHCOINUSDT,2025-05-20 06:45:00,0.24909,0.2532,0.24739,0.24993,1097950.0
LAUNCHCOINUSDT,2025-05-20 07:00:00,0.24993,0.25074,0.24413,0.24722,1621040.0
LAUNCHCOINUSDT,2025-05-20 07:15:00,0.24722,0.25548,0.24555,0.25287,1057680.0
LAUNCHCOINUSDT,2025-05-20 07:30:00,0.25287,0.25391,0.245,0.24537,1203840.0
LAUNCHCOINUSDT,2025-05-20 07:45:00,0.24537,0.2482,0.24266,0.24603,1097780.0
LAUNCHCOINUSDT,2025-05-20 08:00:00,0.24603,0.2504,0.24081,0.24109,1330850.0
LAUNCHCOINUSDT,2025-05-20 08:15:00,0.24109,0.25397,0.2408,0.2501,1824630.0
LAUNCHCOINUSDT,2025-05-20 08:30:00,0.2501,0.25787,0.24914,0.25673,1449100.0
LAUNCHCOINUSDT,2025-05-20 08:45:00,0.25673,0.25676,0.25211,0.25544,1414860.0
LAUNCHCOINUSDT,2025-05-20 09:00:00,0.25544,0.2636,0.25055,0.26359,2697460.0
LAUNCHCOINUSDT,2025-05-20 09:15:00,0.26359,0.26891,0.26047,0.26304,3629400.0
LAUNCHCOINUSDT,2025-05-20 09:30:00,0.26304,0.27,0.26222,0.26579,2773310.0
LAUNCHCOINUSDT,2025-05-20 09:45:00,0.26579,0.2659,0.26,0.26114,2004010.0
LAUNCHCOINUSDT,2025-05-20 10:00:00,0.26114,0.26192,0.255,0.25755,2006350.0
LAUNCHCOINUSDT,2025-05-20 10:15:00,0.25755,0.26012,0.2541,0.2563,1281880.0
LAUNCHCOINUSDT,2025-05-20 10:30:00,0.2563,0.25781,0.25177,0.25388,1497010.0
LAUNCHCOINUSDT,2025-05-20 10:45:00,0.25388,0.2551,0.24444,0.24793,3081750.0
LAUNCHCOINUSDT,2025-05-20 11:00:00,0.24793,0.25512,0.2451,0.25375,2486430.0
LAUNCHCOINUSDT,2025-05-20 11:15:00,0.25375,0.2567,0.25011,0.25463,1221390.0
LAUNCHCOINUSDT,2025-05-20 11:30:00,0.25463,0.259,0.2526,0.259,1634930.0
LAUNCHCOINUSDT,2025-05-20 11:45:00,0.259,0.26116,0.25611,0.25835,1290420.0
LAUNCHCOINUSDT,2025-05-20 12:00:00,0.25835,0.25862,0.25238,0.25329,1470090.0
LAUNCHCOINUSDT,2025-05-20 12:15:00,0.25329,0.25406,0.24869,0.24974,1476970.0
LAUNCHCOINUSDT,2025-05-20 12:30:00,0.24974,0.25064,0.2379,0.2424,4167430.0
LAUNCHCOINUSDT,2025-05-20 12:45:00,0.2424,0.24345,0.23747,0.24272,2576370.0
LAUNCHCOINUSDT,2025-05-20 13:00:00,0.24272,0.24577,0.23846,0.24047,2119350.0
LAUNCHCOINUSDT,2025-05-20 13:15:00,0.24047,0.2459,0.23985,0.24493,2154270.0
LAUNCHCOINUSDT,2025-05-20 13:30:00,0.24493,0.24558,0.23666,0.23801,2686650.0
LAUNCHCOINUSDT,2025-05-20 13:45:00,0.23801,0.24494,0.23591,0.24073,2291320.0
LAUNCHCOINUSDT,2025-05-20 14:00:00,0.24073,0.24564,0.23916,0.24282,1349500.0
LAUNCHCOINUSDT,2025-05-20 14:15:00,0.24282,0.249,0.24247,0.2432,1804750.0
LAUNCHCOINUSDT,2025-05-20 14:30:00,0.2432,0.24468,0.24127,0.24394,1410890.0
LAUNCHCOINUSDT,2025-05-20 14:45:00,0.24394,0.249,0.24075,0.2409,1991420.0
LAUNCHCOINUSDT,2025-05-20 15:00:00,0.2409,0.24105,0.23666,0.23764,1709230.0
LAUNCHCOINUSDT,2025-05-20 15:15:00,0.23764,0.2429,0.2363,0.24219,1732660.0
LAUNCHCOINUSDT,2025-05-20 15:30:00,0.24219,0.2487,0.24155,0.24501,2351950.0
LAUNCHCOINUSDT,2025-05-20 15:45:00,0.24501,0.24721,0.24323,0.24431,1035030.0
LAUNCHCOINUSDT,2025-05-20 16:00:00,0.24431,0.24798,0.24276,0.24404,1206280.0
LAUNCHCOINUSDT,2025-05-20 16:15:00,0.24404,0.24681,0.24062,0.24202,1092200.0
LAUNCHCOINUSDT,2025-05-20 16:30:00,0.24202,0.25505,0.24168,0.2491,2670120.0
LAUNCHCOINUSDT,2025-05-20 16:45:00,0.2491,0.2577,0.24909,0.25716,1543390.0
LAUNCHCOINUSDT,2025-05-20 17:00:00,0.25716,0.26677,0.25312,0.26235,3369390.0
LAUNCHCOINUSDT,2025-05-20 17:15:00,0.26235,0.26505,0.25651,0.26219,1597440.0
LAUNCHCOINUSDT,2025-05-20 17:30:00,0.26219,0.26702,0.25985,0.26666,1497070.0
LAUNCHCOINUSDT,2025-05-20 17:45:00,0.26666,0.27851,0.26619,0.27803,3919460.0
LAUNCHCOINUSDT,2025-05-20 18:00:00,0.27803,0.28168,0.26996,0.27148,2274560.0
LAUNCHCOINUSDT,2025-05-20 18:15:00,0.27148,0.27531,0.26148,0.26244,2899840.0
LAUNCHCOINUSDT,2025-05-20 18:30:00,0.26244,0.26637,0.25948,0.26314,2803670.0
LAUNCHCOINUSDT,2025-05-20 18:45:00,0.26314,0.2642,0.25566,0.25692,2559340.0
LAUNCHCOINUSDT,2025-05-20 19:00:00,0.25692,0.2685,0.25501,0.26775,2088010.0
LAUNCHCOINUSDT,2025-05-20 19:15:00,0.26775,0.27,0.26429,0.26461,1835760.0
LAUNCHCOINUSDT,2025-05-20 19:30:00,0.26461,0.27365,0.26255,0.27008,1793770.0
LAUNCHCOINUSDT,2025-05-20 19:45:00,0.27008,0.27709,0.27008,0.27211,1486370.0
LAUNCHCOINUSDT,2025-05-20 20:00:00,0.27211,0.27211,0.26336,0.26666,2355280.0
LAUNCHCOINUSDT,2025-05-20 20:15:00,0.26666,0.27017,0.26416,0.26519,979500.0
LAUNCHCOINUSDT,2025-05-20 20:30:00,0.26519,0.27586,0.26295,0.27313,1803790.0
LAUNCHCOINUSDT,2025-05-20 20:45:00,0.27313,0.27883,0.27217,0.27447,1504370.0
LAUNCHCOINUSDT,2025-05-20 21:00:00,0.27447,0.27887,0.27217,0.27551,1411140.0
LAUNCHCOINUSDT,2025-05-20 21:15:00,0.27551,0.28199,0.27335,0.27372,1617030.0
LAUNCHCOINUSDT,2025-05-20 21:30:00,0.27372,0.27503,0.26888,0.27243,1164870.0
LAUNCHCOINUSDT,2025-05-20 21:45:00,0.27243,0.27543,0.26758,0.26846,960400.0
LAUNCHCOINUSDT,2025-05-20 22:00:00,0.26846,0.27414,0.258,0.25852,2412860.0
LAUNCHCOINUSDT,2025-05-20 22:15:00,0.25852,0.26006,0.25111,0.25947,2147950.0
LAUNCHCOINUSDT,2025-05-20 22:30:00,0.25947,0.27042,0.25947,0.26904,1464950.0
LAUNCHCOINUSDT,2025-05-20 22:45:00,0.26904,0.27168,0.26675,0.26831,1333170.0
LAUNCHCOINUSDT,2025-05-20 23:00:00,0.26831,0.26934,0.26433,0.26749,764080.0
LAUNCHCOINUSDT,2025-05-20 23:15:00,0.26749,0.27828,0.26669,0.27297,1436730.0
LAUNCHCOINUSDT,2025-05-20 23:30:00,0.27297,0.274,0.268,0.26835,890720.0
LAUNCHCOINUSDT,2025-05-20 23:45:00,0.26835,0.27267,0.26666,0.27155,1260760.0
LAUNCHCOINUSDT,2025-05-21 00:00:00,0.27155,0.27156,0.2651,0.26588,1075130.0
LAUNCHCOINUSDT,2025-05-21 00:15:00,0.26588,0.2725,0.2625,0.26296,1371470.0
LAUNCHCOINUSDT,2025-05-21 00:30:00,0.26296,0.26662,0.25645,0.26146,1332730.0
LAUNCHCOINUSDT,2025-05-21 00:45:00,0.26146,0.26222,0.25496,0.25721,1406050.0
LAUNCHCOINUSDT,2025-05-21 01:00:00,0.25721,0.266,0.25539,0.26146,1588620.0
LAUNCHCOINUSDT,2025-05-21 01:15:00,0.26146,0.26246,0.25663,0.26219,723180.0
LAUNCHCOINUSDT,2025-05-21 01:30:00,0.26219,0.264,0.25894,0.261,528930.0
LAUNCHCOINUSDT,2025-05-21 01:45:00,0.261,0.26108,0.25,0.25168,1585080.0
LAUNCHCOINUSDT,2025-05-21 02:00:00,0.25168,0.25327,0.24613,0.2486,2549340.0
LAUNCHCOINUSDT,2025-05-21 02:15:00,0.2486,0.25126,0.2452,0.25126,1146470.0
LAUNCHCOINUSDT,2025-05-21 02:30:00,0.25126,0.252,0.24214,0.24651,1555580.0
LAUNCHCOINUSDT,2025-05-21 02:45:00,0.24651,0.24826,0.24449,0.2464,1065500.0
LAUNCHCOINUSDT,2025-05-21 03:00:00,0.2464,0.24913,0.24552,0.24782,724510.0
LAUNCHCOINUSDT,2025-05-21 03:15:00,0.24782,0.25022,0.2458,0.24935,692500.0
LAUNCHCOINUSDT,2025-05-21 03:30:00,0.24935,0.25236,0.24888,0.2515,1074770.0
LAUNCHCOINUSDT,2025-05-21 03:45:00,0.2515,0.25252,0.24592,0.24724,1526650.0
LAUNCHCOINUSDT,2025-05-21 04:00:00,0.24724,0.24783,0.24268,0.24305,1496700.0
LAUNCHCOINUSDT,2025-05-21 04:15:00,0.24305,0.24407,0.23915,0.24119,1160390.0
LAUNCHCOINUSDT,2025-05-21 04:30:00,0.24119,0.25071,0.23946,0.24919,1688910.0
LAUNCHCOINUSDT,2025-05-21 04:45:00,0.24919,0.25378,0.24731,0.25039,1754400.0
LAUNCHCOINUSDT,2025-05-21 05:00:00,0.25039,0.25871,0.24992,0.25553,1222080.0
LAUNCHCOINUSDT,2025-05-21 05:15:00,0.25553,0.26145,0.25463,0.25841,1024340.0
LAUNCHCOINUSDT,2025-05-21 05:30:00,0.25841,0.2625,0.25658,0.25814,1387160.0
LAUNCHCOINUSDT,2025-05-21 05:45:00,0.25814,0.25957,0.25658,0.25874,598230.0
LAUNCHCOINUSDT,2025-05-21 06:00:00,0.25874,0.25999,0.25381,0.25558,603430.0
LAUNCHCOINUSDT,2025-05-21 06:15:00,0.25558,0.26049,0.25427,0.26011,397910.0
LAUNCHCOINUSDT,2025-05-21 06:30:00,0.26011,0.26161,0.2575,0.25834,461700.0
LAUNCHCOINUSDT,2025-05-21 06:45:00,0.25834,0.26067,0.25682,0.25982,334780.0
LAUNCHCOINUSDT,2025-05-21 07:00:00,0.25982,0.26252,0.25527,0.25555,956420.0
LAUNCHCOINUSDT,2025-05-21 07:15:00,0.25555,0.25625,0.25037,0.25365,1184640.0
LAUNCHCOINUSDT,2025-05-21 07:30:00,0.25365,0.25365,0.2478,0.25061,1233660.0
LAUNCHCOINUSDT,2025-05-21 07:45:00,0.25061,0.25173,0.24845,0.24875,477300.0
LAUNCHCOINUSDT,2025-05-21 08:00:00,0.24875,0.25176,0.24555,0.24989,737030.0
LAUNCHCOINUSDT,2025-05-21 08:15:00,0.24989,0.25024,0.24295,0.24624,1122730.0
LAUNCHCOINUSDT,2025-05-21 08:30:00,0.24624,0.24666,0.24242,0.24383,555040.0
LAUNCHCOINUSDT,2025-05-21 08:45:00,0.24383,0.24865,0.24242,0.24252,805120.0
LAUNCHCOINUSDT,2025-05-21 09:00:00,0.24252,0.24585,0.23895,0.2438,2086850.0
LAUNCHCOINUSDT,2025-05-21 09:15:00,0.2438,0.24544,0.24217,0.24312,820570.0
LAUNCHCOINUSDT,2025-05-21 09:30:00,0.24312,0.24399,0.24045,0.24197,762190.0
LAUNCHCOINUSDT,2025-05-21 09:45:00,0.24197,0.24523,0.24171,0.24522,611360.0
LAUNCHCOINUSDT,2025-05-21 10:00:00,0.24522,0.24522,0.24193,0.24363,457550.0
LAUNCHCOINUSDT,2025-05-21 10:15:00,0.24363,0.24366,0.2381,0.2383,990170.0
LAUNCHCOINUSDT,2025-05-21 10:30:00,0.2383,0.2407,0.238,0.24034,678590.0
LAUNCHCOINUSDT,2025-05-21 10:45:00,0.24034,0.2407,0.23889,0.24033,318830.0
LAUNCHCOINUSDT,2025-05-21 11:00:00,0.24033,0.24684,0.24,0.24622,978650.0
LAUNCHCOINUSDT,2025-05-21 11:15:00,0.24622,0.24881,0.24529,0.24844,1131610.0
LAUNCHCOINUSDT,2025-05-21 11:30:00,0.24844,0.24933,0.24427,0.24486,704970.0
LAUNCHCOINUSDT,2025-05-21 11:45:00,0.24486,0.24604,0.242,0.24568,1051610.0
LAUNCHCOINUSDT,2025-05-21 12:00:00,0.24568,0.24717,0.24225,0.24449,687660.0
LAUNCHCOINUSDT,2025-05-21 12:15:00,0.24449,0.2536,0.24449,0.25197,1499230.0
LAUNCHCOINUSDT,2025-05-21 12:30:00,0.25197,0.25277,0.25004,0.25071,925250.0
LAUNCHCOINUSDT,2025-05-21 12:45:00,0.25071,0.25155,0.24659,0.24924,806640.0
LAUNCHCOINUSDT,2025-05-21 13:00:00,0.24924,0.2506,0.24329,0.24587,879010.0
LAUNCHCOINUSDT,2025-05-21 13:15:00,0.24587,0.24796,0.2433,0.24554,993540.0
LAUNCHCOINUSDT,2025-05-21 13:30:00,0.24554,0.2531,0.24512,0.25268,1447290.0
LAUNCHCOINUSDT,2025-05-21 13:45:00,0.25268,0.25715,0.25065,0.25117,2030580.0
LAUNCHCOINUSDT,2025-05-21 14:00:00,0.25117,0.25429,0.24787,0.2491,1291140.0
LAUNCHCOINUSDT,2025-05-21 14:15:00,0.2491,0.25354,0.24867,0.25297,605150.0
LAUNCHCOINUSDT,2025-05-21 14:30:00,0.25297,0.25601,0.25036,0.25511,903210.0
LAUNCHCOINUSDT,2025-05-21 14:45:00,0.25511,0.26269,0.25046,0.26142,1488320.0
LAUNCHCOINUSDT,2025-05-21 15:00:00,0.26142,0.26818,0.25563,0.25768,2337480.0
LAUNCHCOINUSDT,2025-05-21 15:15:00,0.25768,0.263,0.25639,0.257,1474350.0
LAUNCHCOINUSDT,2025-05-21 15:30:00,0.257,0.25934,0.25388,0.2562,756000.0
LAUNCHCOINUSDT,2025-05-21 15:45:00,0.2562,0.25662,0.24598,0.24758,1439530.0
LAUNCHCOINUSDT,2025-05-21 16:00:00,0.24758,0.2476,0.24,0.24379,1741060.0
LAUNCHCOINUSDT,2025-05-21 16:15:00,0.24379,0.24697,0.24119,0.24446,1158520.0
LAUNCHCOINUSDT,2025-05-21 16:30:00,0.24446,0.256,0.24362,0.25481,1793300.0
LAUNCHCOINUSDT,2025-05-21 16:45:00,0.25481,0.266,0.25448,0.26331,1550740.0
LAUNCHCOINUSDT,2025-05-21 17:00:00,0.26331,0.26655,0.25914,0.26375,1410120.0
LAUNCHCOINUSDT,2025-05-21 17:15:00,0.26375,0.26382,0.2472,0.24761,2160230.0
LAUNCHCOINUSDT,2025-05-21 17:30:00,0.24761,0.25821,0.24689,0.25116,1941960.0
LAUNCHCOINUSDT,2025-05-21 17:45:00,0.25116,0.25426,0.24637,0.24983,976470.0
LAUNCHCOINUSDT,2025-05-21 18:00:00,0.24983,0.25582,0.24694,0.25012,960900.0
LAUNCHCOINUSDT,2025-05-21 18:15:00,0.25012,0.25156,0.24266,0.244,1300540.0
LAUNCHCOINUSDT,2025-05-21 18:30:00,0.244,0.24718,0.24,0.2424,1427730.0
LAUNCHCOINUSDT,2025-05-21 18:45:00,0.2424,0.24956,0.24141,0.24176,1092460.0
LAUNCHCOINUSDT,2025-05-21 19:00:00,0.24176,0.24275,0.22601,0.22923,3643940.0
LAUNCHCOINUSDT,2025-05-21 19:15:00,0.22923,0.22984,0.22612,0.22674,1759660.0
LAUNCHCOINUSDT,2025-05-21 19:30:00,0.22674,0.23006,0.22403,0.2244,1966110.0
LAUNCHCOINUSDT,2025-05-21 19:45:00,0.2244,0.22884,0.22,0.22274,2821100.0
LAUNCHCOINUSDT,2025-05-21 20:00:00,0.22274,0.22473,0.21213,0.21367,2202440.0
LAUNCHCOINUSDT,2025-05-21 20:15:00,0.21367,0.21555,0.19414,0.19486,5798540.0
LAUNCHCOINUSDT,2025-05-21 20:30:00,0.19486,0.20391,0.17902,0.19707,9721770.0
LAUNCHCOINUSDT,2025-05-21 20:45:00,0.19707,0.21046,0.1881,0.19759,7555230.0
LAUNCHCOINUSDT,2025-05-21 21:00:00,0.19759,0.21198,0.19516,0.21198,3993940.0
LAUNCHCOINUSDT,2025-05-21 21:15:00,0.21198,0.22432,0.21021,0.21966,3549330.0
LAUNCHCOINUSDT,2025-05-21 21:30:00,0.21966,0.22279,0.2062,0.20929,3633470.0
LAUNCHCOINUSDT,2025-05-21 21:45:00,0.20929,0.21783,0.19677,0.20328,4146020.0
LAUNCHCOINUSDT,2025-05-21 22:00:00,0.20328,0.20477,0.19201,0.20019,3792480.0
LAUNCHCOINUSDT,2025-05-21 22:15:00,0.20019,0.20734,0.20019,0.2048,2343220.0
LAUNCHCOINUSDT,2025-05-21 22:30:00,0.2048,0.21169,0.20286,0.20899,2925420.0
LAUNCHCOINUSDT,2025-05-21 22:45:00,0.20899,0.20959,0.20172,0.20354,1471670.0
LAUNCHCOINUSDT,2025-05-21 23:00:00,0.20354,0.20381,0.19311,0.19572,2031830.0
LAUNCHCOINUSDT,2025-05-21 23:15:00,0.19572,0.2087,0.195,0.20255,2004610.0
LAUNCHCOINUSDT,2025-05-21 23:30:00,0.20255,0.205,0.2,0.20029,1253310.0
LAUNCHCOINUSDT,2025-05-21 23:45:00,0.20029,0.20053,0.18597,0.19158,3437300.0
LAUNCHCOINUSDT,2025-05-22 00:00:00,0.19158,0.19491,0.18563,0.19216,2679360.0
LAUNCHCOINUSDT,2025-05-22 00:15:00,0.19216,0.19365,0.18019,0.18689,4035380.0
LAUNCHCOINUSDT,2025-05-22 00:30:00,0.18689,0.19145,0.18443,0.18809,2350080.0
LAUNCHCOINUSDT,2025-05-22 00:45:00,0.18809,0.18867,0.185,0.18757,1753980.0
LAUNCHCOINUSDT,2025-05-22 01:00:00,0.18757,0.20094,0.18682,0.1978,3322770.0
LAUNCHCOINUSDT,2025-05-22 01:15:00,0.1978,0.19803,0.1729,0.17632,5964980.0
LAUNCHCOINUSDT,2025-05-22 01:30:00,0.17632,0.17979,0.16711,0.17428,5843520.0
LAUNCHCOINUSDT,2025-05-22 01:45:00,0.17428,0.18666,0.17355,0.18579,4337550.0
LAUNCHCOINUSDT,2025-05-22 02:00:00,0.18579,0.19331,0.18544,0.19311,2695300.0
LAUNCHCOINUSDT,2025-05-22 02:15:00,0.19311,0.20416,0.18571,0.20276,4304640.0
LAUNCHCOINUSDT,2025-05-22 02:30:00,0.20276,0.20686,0.1974,0.19947,3092720.0
LAUNCHCOINUSDT,2025-05-22 02:45:00,0.19947,0.20941,0.19922,0.20887,2155910.0
LAUNCHCOINUSDT,2025-05-22 03:00:00,0.20887,0.20895,0.19889,0.19953,1803830.0
LAUNCHCOINUSDT,2025-05-22 03:15:00,0.19953,0.20281,0.19213,0.1979,1813300.0
LAUNCHCOINUSDT,2025-05-22 03:30:00,0.1979,0.19988,0.19333,0.19962,1075810.0
LAUNCHCOINUSDT,2025-05-22 03:45:00,0.19962,0.20121,0.18774,0.18847,2247250.0
LAUNCHCOINUSDT,2025-05-22 04:00:00,0.18847,0.18951,0.1815,0.18227,2886710.0
LAUNCHCOINUSDT,2025-05-22 04:15:00,0.18227,0.18668,0.18053,0.18601,2002820.0
LAUNCHCOINUSDT,2025-05-22 04:30:00,0.18601,0.18917,0.1842,0.18904,1982010.0
LAUNCHCOINUSDT,2025-05-22 04:45:00,0.18904,0.1902,0.18445,0.18911,1305880.0
LAUNCHCOINUSDT,2025-05-22 05:00:00,0.18911,0.19117,0.18794,0.18913,845480.0
LAUNCHCOINUSDT,2025-05-22 05:15:00,0.18913,0.19597,0.18841,0.19354,1276560.0
LAUNCHCOINUSDT,2025-05-22 05:30:00,0.19354,0.19408,0.1895,0.19118,635710.0
LAUNCHCOINUSDT,2025-05-22 05:45:00,0.19118,0.19892,0.18835,0.19626,1859740.0
LAUNCHCOINUSDT,2025-05-22 06:00:00,0.19626,0.19981,0.188,0.18836,2049250.0
LAUNCHCOINUSDT,2025-05-22 06:15:00,0.18836,0.19081,0.18534,0.18996,1603350.0
LAUNCHCOINUSDT,2025-05-22 06:30:00,0.18996,0.191,0.18772,0.19011,628960.0
LAUNCHCOINUSDT,2025-05-22 06:45:00,0.19011,0.19289,0.18726,0.1904,1748080.0
LAUNCHCOINUSDT,2025-05-22 07:00:00,0.1904,0.19353,0.18935,0.19146,1065900.0
LAUNCHCOINUSDT,2025-05-22 07:15:00,0.19146,0.19411,0.1895,0.19327,1545530.0
LAUNCHCOINUSDT,2025-05-22 07:30:00,0.19327,0.19558,0.19214,0.19325,952460.0
LAUNCHCOINUSDT,2025-05-22 07:45:00,0.19325,0.19964,0.19308,0.19845,1509380.0
LAUNCHCOINUSDT,2025-05-22 08:00:00,0.19845,0.20489,0.19555,0.20408,2365020.0
LAUNCHCOINUSDT,2025-05-22 08:15:00,0.20408,0.20612,0.19763,0.1986,2285670.0
LAUNCHCOINUSDT,2025-05-22 08:30:00,0.1986,0.20588,0.19745,0.2054,1946820.0
LAUNCHCOINUSDT,2025-05-22 08:45:00,0.2054,0.20574,0.20158,0.20224,1623640.0
LAUNCHCOINUSDT,2025-05-22 09:00:00,0.20224,0.20546,0.20008,0.20476,1121370.0
LAUNCHCOINUSDT,2025-05-22 09:15:00,0.20476,0.20506,0.19722,0.19753,1539620.0
LAUNCHCOINUSDT,2025-05-22 09:30:00,0.19753,0.19923,0.19519,0.19656,1279320.0
LAUNCHCOINUSDT,2025-05-22 09:45:00,0.19656,0.19741,0.19402,0.19507,1516800.0
LAUNCHCOINUSDT,2025-05-22 10:00:00,0.19507,0.20169,0.195,0.20072,1499490.0
LAUNCHCOINUSDT,2025-05-22 10:15:00,0.20072,0.208,0.19913,0.20662,2481660.0
LAUNCHCOINUSDT,2025-05-22 10:30:00,0.20662,0.20828,0.20132,0.20256,2008100.0
LAUNCHCOINUSDT,2025-05-22 10:45:00,0.20256,0.20256,0.1981,0.20194,1514560.0
LAUNCHCOINUSDT,2025-05-22 11:00:00,0.20194,0.202,0.19049,0.19195,1756510.0
LAUNCHCOINUSDT,2025-05-22 11:15:00,0.19195,0.1944,0.19041,0.19069,1533420.0
LAUNCHCOINUSDT,2025-05-22 11:30:00,0.19069,0.19367,0.1906,0.19335,5147740.0
LAUNCHCOINUSDT,2025-05-22 11:45:00,0.19335,0.19553,0.19085,0.19395,7391650.0
LAUNCHCOINUSDT,2025-05-22 12:00:00,0.19395,0.19505,0.19101,0.19274,891110.0
LAUNCHCOINUSDT,2025-05-22 12:15:00,0.19274,0.19541,0.1905,0.19461,778720.0
LAUNCHCOINUSDT,2025-05-22 12:30:00,0.19461,0.19999,0.19366,0.19518,1424550.0
LAUNCHCOINUSDT,2025-05-22 12:45:00,0.19518,0.19983,0.19518,0.19839,892050.0
LAUNCHCOINUSDT,2025-05-22 13:00:00,0.19839,0.19865,0.19064,0.19178,1766300.0
LAUNCHCOINUSDT,2025-05-22 13:15:00,0.19178,0.19264,0.18355,0.19034,3875890.0
LAUNCHCOINUSDT,2025-05-22 13:30:00,0.19034,0.19319,0.18766,0.19124,2156120.0
LAUNCHCOINUSDT,2025-05-22 13:45:00,0.19124,0.19439,0.18777,0.18993,1506260.0
LAUNCHCOINUSDT,2025-05-22 14:00:00,0.18993,0.19311,0.1887,0.18918,1264370.0
LAUNCHCOINUSDT,2025-05-22 14:15:00,0.18918,0.19005,0.18529,0.18571,2245360.0
LAUNCHCOINUSDT,2025-05-22 14:30:00,0.18571,0.18772,0.183,0.18744,1179940.0
LAUNCHCOINUSDT,2025-05-22 14:45:00,0.18744,0.18779,0.18071,0.18204,1902930.0
LAUNCHCOINUSDT,2025-05-22 15:00:00,0.18204,0.18471,0.18124,0.1839,1605140.0
LAUNCHCOINUSDT,2025-05-22 15:15:00,0.1839,0.18477,0.17626,0.17799,2412210.0
LAUNCHCOINUSDT,2025-05-22 15:30:00,0.17799,0.18612,0.1762,0.18432,3679650.0
LAUNCHCOINUSDT,2025-05-22 15:45:00,0.18432,0.19277,0.175,0.17551,6054450.0
LAUNCHCOINUSDT,2025-05-22 16:00:00,0.17551,0.17786,0.16324,0.17752,10935720.0
LAUNCHCOINUSDT,2025-05-22 16:15:00,0.17752,0.18319,0.17052,0.17077,9038590.0
LAUNCHCOINUSDT,2025-05-22 16:30:00,0.17077,0.18062,0.16981,0.17932,4011100.0
LAUNCHCOINUSDT,2025-05-22 16:45:00,0.17932,0.17975,0.17086,0.17283,2070990.0
LAUNCHCOINUSDT,2025-05-22 17:00:00,0.17283,0.17347,0.16646,0.1715,2527230.0
LAUNCHCOINUSDT,2025-05-22 17:15:00,0.1715,0.18065,0.17069,0.17497,3359950.0
LAUNCHCOINUSDT,2025-05-22 17:30:00,0.17497,0.18704,0.1728,0.18534,4130770.0
LAUNCHCOINUSDT,2025-05-22 17:45:00,0.18534,0.1968,0.17701,0.19197,3909420.0
LAUNCHCOINUSDT,2025-05-22 18:00:00,0.19197,0.2001,0.18831,0.18917,3986320.0
LAUNCHCOINUSDT,2025-05-22 18:15:00,0.18917,0.1981,0.18795,0.1947,2159610.0
LAUNCHCOINUSDT,2025-05-22 18:30:00,0.1947,0.1992,0.18855,0.18953,2118510.0
LAUNCHCOINUSDT,2025-05-22 18:45:00,0.18953,0.19633,0.18877,0.19234,1328570.0
LAUNCHCOINUSDT,2025-05-22 19:00:00,0.19234,0.19275,0.18592,0.1884,1746850.0
LAUNCHCOINUSDT,2025-05-22 19:15:00,0.1884,0.19161,0.1856,0.18673,1044880.0
LAUNCHCOINUSDT,2025-05-22 19:30:00,0.18673,0.18768,0.18267,0.18401,1574100.0
LAUNCHCOINUSDT,2025-05-22 19:45:00,0.18401,0.18452,0.17841,0.18228,1522720.0
LAUNCHCOINUSDT,2025-05-22 20:00:00,0.18228,0.18774,0.18152,0.18564,1210440.0
LAUNCHCOINUSDT,2025-05-22 20:15:00,0.18564,0.1882,0.1816,0.18433,976430.0
LAUNCHCOINUSDT,2025-05-22 20:30:00,0.18433,0.18527,0.18137,0.1834,518320.0
LAUNCHCOINUSDT,2025-05-22 20:45:00,0.1834,0.18662,0.18222,0.18327,516470.0
LAUNCHCOINUSDT,2025-05-22 21:00:00,0.18327,0.18664,0.18286,0.18558,1026820.0
LAUNCHCOINUSDT,2025-05-22 21:15:00,0.18558,0.19007,0.18316,0.1854,1928560.0
LAUNCHCOINUSDT,2025-05-22 21:30:00,0.1854,0.19049,0.18504,0.18814,699210.0
LAUNCHCOINUSDT,2025-05-22 21:45:00,0.18814,0.1886,0.18532,0.18588,623880.0
LAUNCHCOINUSDT,2025-05-22 22:00:00,0.18588,0.18775,0.18255,0.18308,530020.0
LAUNCHCOINUSDT,2025-05-22 22:15:00,0.18308,0.18417,0.17519,0.17603,2231500.0
LAUNCHCOINUSDT,2025-05-22 22:30:00,0.17603,0.18034,0.17598,0.18004,1821580.0
LAUNCHCOINUSDT,2025-05-22 22:45:00,0.18004,0.18078,0.17609,0.17812,924310.0
LAUNCHCOINUSDT,2025-05-22 23:00:00,0.17812,0.179,0.17569,0.179,497030.0
LAUNCHCOINUSDT,2025-05-22 23:15:00,0.179,0.18402,0.17772,0.18325,683430.0
LAUNCHCOINUSDT,2025-05-22 23:30:00,0.18325,0.18951,0.18254,0.1851,1855250.0
LAUNCHCOINUSDT,2025-05-22 23:45:00,0.1851,0.18663,0.18421,0.18473,469570.0
LAUNCHCOINUSDT,2025-05-23 00:00:00,0.18473,0.18778,0.18322,0.18654,631070.0
LAUNCHCOINUSDT,2025-05-23 00:15:00,0.18654,0.18666,0.17046,0.17068,5745370.0
LAUNCHCOINUSDT,2025-05-23 00:30:00,0.17068,0.17187,0.16058,0.16285,5831440.0
LAUNCHCOINUSDT,2025-05-23 00:45:00,0.16285,0.16928,0.16052,0.16463,5120110.0
LAUNCHCOINUSDT,2025-05-23 01:00:00,0.16463,0.16683,0.16131,0.16315,2549410.0
LAUNCHCOINUSDT,2025-05-23 01:15:00,0.16315,0.1799,0.1621,0.17906,4848320.0
LAUNCHCOINUSDT,2025-05-23 01:30:00,0.17906,0.18074,0.1718,0.17315,2820610.0
LAUNCHCOINUSDT,2025-05-23 01:45:00,0.17315,0.18013,0.173,0.17646,1549840.0
LAUNCHCOINUSDT,2025-05-23 02:00:00,0.17646,0.18228,0.17646,0.1787,1546050.0
LAUNCHCOINUSDT,2025-05-23 02:15:00,0.1787,0.18416,0.17669,0.17928,1574550.0
LAUNCHCOINUSDT,2025-05-23 02:30:00,0.17928,0.19049,0.17867,0.18674,2664170.0
LAUNCHCOINUSDT,2025-05-23 02:45:00,0.18674,0.19219,0.18493,0.1885,1784060.0
LAUNCHCOINUSDT,2025-05-23 03:00:00,0.1885,0.19047,0.18709,0.1892,531280.0
LAUNCHCOINUSDT,2025-05-23 03:15:00,0.1892,0.19107,0.18761,0.18984,633620.0
LAUNCHCOINUSDT,2025-05-23 03:30:00,0.18984,0.19472,0.18898,0.19416,726300.0
LAUNCHCOINUSDT,2025-05-23 03:45:00,0.19416,0.19559,0.18984,0.19247,1186990.0
LAUNCHCOINUSDT,2025-05-23 04:00:00,0.19247,0.19723,0.19126,0.19651,1515270.0
LAUNCHCOINUSDT,2025-05-23 04:15:00,0.19651,0.19881,0.19349,0.19463,1866260.0
LAUNCHCOINUSDT,2025-05-23 04:30:00,0.19463,0.19965,0.18911,0.19645,1797180.0
LAUNCHCOINUSDT,2025-05-23 04:45:00,0.19645,0.1973,0.19096,0.1911,1207270.0
LAUNCHCOINUSDT,2025-05-23 05:00:00,0.1911,0.1961,0.1911,0.19439,797410.0
LAUNCHCOINUSDT,2025-05-23 05:15:00,0.19439,0.19439,0.18736,0.188,1160380.0
LAUNCHCOINUSDT,2025-05-23 05:30:00,0.188,0.18843,0.18262,0.18495,1663720.0
LAUNCHCOINUSDT,2025-05-23 05:45:00,0.18495,0.1877,0.18244,0.18359,736320.0
LAUNCHCOINUSDT,2025-05-23 06:00:00,0.18359,0.18366,0.18059,0.18366,729550.0
LAUNCHCOINUSDT,2025-05-23 06:15:00,0.18366,0.18609,0.18188,0.18485,485850.0
LAUNCHCOINUSDT,2025-05-23 06:30:00,0.18485,0.18667,0.18327,0.18644,450090.0
LAUNCHCOINUSDT,2025-05-23 06:45:00,0.18644,0.18665,0.1845,0.18547,374260.0
LAUNCHCOINUSDT,2025-05-23 07:00:00,0.18547,0.1865,0.18024,0.18358,1177950.0
LAUNCHCOINUSDT,2025-05-23 07:15:00,0.18358,0.18606,0.1821,0.1849,649510.0
LAUNCHCOINUSDT,2025-05-23 07:30:00,0.1849,0.18631,0.18173,0.18605,387800.0
LAUNCHCOINUSDT,2025-05-23 07:45:00,0.18605,0.187,0.18451,0.18533,586050.0
LAUNCHCOINUSDT,2025-05-23 08:00:00,0.18533,0.19015,0.18523,0.18959,808050.0
LAUNCHCOINUSDT,2025-05-23 08:15:00,0.18959,0.19088,0.18781,0.19085,581710.0
LAUNCHCOINUSDT,2025-05-23 08:30:00,0.19085,0.19181,0.18945,0.19027,826320.0
LAUNCHCOINUSDT,2025-05-23 08:45:00,0.19027,0.19198,0.18927,0.18946,512200.0
LAUNCHCOINUSDT,2025-05-23 09:00:00,0.18946,0.19127,0.18805,0.1907,460250.0
LAUNCHCOINUSDT,2025-05-23 09:15:00,0.1907,0.19504,0.1907,0.19315,1527210.0
LAUNCHCOINUSDT,2025-05-23 09:30:00,0.19315,0.20273,0.19314,0.20246,2559930.0
LAUNCHCOINUSDT,2025-05-23 09:45:00,0.20246,0.20935,0.20165,0.20569,4365260.0
LAUNCHCOINUSDT,2025-05-23 10:00:00,0.20569,0.20771,0.20021,0.20041,2291650.0
LAUNCHCOINUSDT,2025-05-23 10:15:00,0.20041,0.20214,0.19685,0.19796,1375600.0
LAUNCHCOINUSDT,2025-05-23 10:30:00,0.19796,0.20072,0.19328,0.19461,1462540.0
LAUNCHCOINUSDT,2025-05-23 10:45:00,0.19461,0.20051,0.19392,0.20026,761720.0
LAUNCHCOINUSDT,2025-05-23 11:00:00,0.20026,0.20038,0.19153,0.19437,1629210.0
LAUNCHCOINUSDT,2025-05-23 11:15:00,0.19437,0.19671,0.187,0.18803,2353490.0
LAUNCHCOINUSDT,2025-05-23 11:30:00,0.18803,0.18913,0.18334,0.18382,1466030.0
LAUNCHCOINUSDT,2025-05-23 11:45:00,0.18382,0.18452,0.1766,0.18221,4473690.0
LAUNCHCOINUSDT,2025-05-23 12:00:00,0.18221,0.18272,0.17056,0.17307,5497900.0
LAUNCHCOINUSDT,2025-05-23 12:15:00,0.17307,0.17911,0.17023,0.17907,3276120.0
LAUNCHCOINUSDT,2025-05-23 12:30:00,0.17907,0.1821,0.17762,0.1791,2355930.0
LAUNCHCOINUSDT,2025-05-23 12:45:00,0.1791,0.18041,0.17501,0.17504,1154790.0
LAUNCHCOINUSDT,2025-05-23 13:00:00,0.17504,0.17668,0.17244,0.17378,1214900.0
LAUNCHCOINUSDT,2025-05-23 13:15:00,0.17378,0.17668,0.17305,0.17492,1725830.0
LAUNCHCOINUSDT,2025-05-23 13:30:00,0.17492,0.17917,0.17441,0.17798,2268140.0
LAUNCHCOINUSDT,2025-05-23 13:45:00,0.17798,0.18511,0.17684,0.18398,1782670.0
LAUNCHCOINUSDT,2025-05-23 14:00:00,0.18398,0.18496,0.18124,0.18275,1012910.0
LAUNCHCOINUSDT,2025-05-23 14:15:00,0.18275,0.18275,0.17322,0.17335,1597750.0
LAUNCHCOINUSDT,2025-05-23 14:30:00,0.17335,0.1796,0.17195,0.17568,1573980.0
LAUNCHCOINUSDT,2025-05-23 14:45:00,0.17568,0.18197,0.17568,0.17716,996550.0
LAUNCHCOINUSDT,2025-05-23 15:00:00,0.17716,0.17879,0.17457,0.17502,1016850.0
LAUNCHCOINUSDT,2025-05-23 15:15:00,0.17502,0.17702,0.17317,0.17453,1119770.0
LAUNCHCOINUSDT,2025-05-23 15:30:00,0.17453,0.17669,0.17375,0.17633,453370.0
LAUNCHCOINUSDT,2025-05-23 15:45:00,0.17633,0.17661,0.173,0.17386,676190.0
LAUNCHCOINUSDT,2025-05-23 16:00:00,0.17386,0.17669,0.17295,0.17397,1238090.0
LAUNCHCOINUSDT,2025-05-23 16:15:00,0.17397,0.17652,0.17296,0.17547,1185500.0
LAUNCHCOINUSDT,2025-05-23 16:30:00,0.17547,0.17555,0.17062,0.1717,1390540.0
LAUNCHCOINUSDT,2025-05-23 16:45:00,0.1717,0.175,0.17066,0.17352,720490.0
LAUNCHCOINUSDT,2025-05-23 17:00:00,0.17352,0.17772,0.17297,0.17672,1073580.0
LAUNCHCOINUSDT,2025-05-23 17:15:00,0.17672,0.178,0.17618,0.17686,497220.0
LAUNCHCOINUSDT,2025-05-23 17:30:00,0.17686,0.17688,0.17266,0.1729,493190.0
LAUNCHCOINUSDT,2025-05-23 17:45:00,0.1729,0.17427,0.17256,0.17425,319270.0
LAUNCHCOINUSDT,2025-05-23 18:00:00,0.17425,0.1749,0.16877,0.16928,1290330.0
LAUNCHCOINUSDT,2025-05-23 18:15:00,0.16928,0.17036,0.16555,0.16991,1493590.0
LAUNCHCOINUSDT,2025-05-23 18:30:00,0.16991,0.17434,0.16858,0.17161,1281550.0
LAUNCHCOINUSDT,2025-05-23 18:45:00,0.17161,0.17336,0.17134,0.17247,407260.0
LAUNCHCOINUSDT,2025-05-23 19:00:00,0.17247,0.17296,0.17079,0.17093,390150.0
LAUNCHCOINUSDT,2025-05-23 19:15:00,0.17093,0.17093,0.1639,0.16569,2165070.0
LAUNCHCOINUSDT,2025-05-23 19:30:00,0.16569,0.16775,0.16569,0.1668,685760.0
LAUNCHCOINUSDT,2025-05-23 19:45:00,0.1668,0.16721,0.1636,0.16374,609220.0
LAUNCHCOINUSDT,2025-05-23 20:00:00,0.16374,0.16491,0.16263,0.16376,1508130.0
LAUNCHCOINUSDT,2025-05-23 20:15:00,0.16376,0.16407,0.16183,0.162,1906110.0
LAUNCHCOINUSDT,2025-05-23 20:30:00,0.162,0.16304,0.15655,0.16227,4003760.0
LAUNCHCOINUSDT,2025-05-23 20:45:00,0.16227,0.16276,0.15268,0.15441,2742940.0
LAUNCHCOINUSDT,2025-05-23 21:00:00,0.15441,0.15542,0.15208,0.15397,1834000.0
LAUNCHCOINUSDT,2025-05-23 21:15:00,0.15397,0.16037,0.15397,0.15927,2370610.0
LAUNCHCOINUSDT,2025-05-23 21:30:00,0.15927,0.15942,0.15613,0.15874,1068860.0
LAUNCHCOINUSDT,2025-05-23 21:45:00,0.15874,0.15999,0.15636,0.15809,1335120.0
LAUNCHCOINUSDT,2025-05-23 22:00:00,0.15809,0.15975,0.157,0.15857,1348940.0
LAUNCHCOINUSDT,2025-05-23 22:15:00,0.15857,0.15951,0.1562,0.15635,969740.0
LAUNCHCOINUSDT,2025-05-23 22:30:00,0.15635,0.1568,0.15322,0.1553,1275040.0
LAUNCHCOINUSDT,2025-05-23 22:45:00,0.1553,0.1633,0.15437,0.16215,2064980.0
LAUNCHCOINUSDT,2025-05-23 23:00:00,0.16215,0.17288,0.16103,0.17087,4922170.0
LAUNCHCOINUSDT,2025-05-23 23:15:00,0.17087,0.17176,0.1659,0.16912,1340760.0
LAUNCHCOINUSDT,2025-05-23 23:30:00,0.16912,0.17128,0.16583,0.16789,1135700.0
LAUNCHCOINUSDT,2025-05-23 23:45:00,0.16789,0.16871,0.165,0.16596,639170.0
LAUNCHCOINUSDT,2025-05-24 00:00:00,0.16596,0.17008,0.16418,0.1671,534840.0
LAUNCHCOINUSDT,2025-05-24 00:15:00,0.1671,0.1671,0.16138,0.16172,847420.0
LAUNCHCOINUSDT,2025-05-24 00:30:00,0.16172,0.16382,0.16,0.16266,369750.0
LAUNCHCOINUSDT,2025-05-24 00:45:00,0.16266,0.16268,0.15984,0.16058,406250.0
LAUNCHCOINUSDT,2025-05-24 01:00:00,0.16058,0.16433,0.16058,0.16323,380090.0
LAUNCHCOINUSDT,2025-05-24 01:15:00,0.16323,0.164,0.16009,0.16073,421980.0
LAUNCHCOINUSDT,2025-05-24 01:30:00,0.16073,0.1645,0.15996,0.16406,439730.0
LAUNCHCOINUSDT,2025-05-24 01:45:00,0.16406,0.16415,0.15962,0.16017,404650.0
LAUNCHCOINUSDT,2025-05-24 02:00:00,0.16017,0.16269,0.15614,0.1625,894410.0
LAUNCHCOINUSDT,2025-05-24 02:15:00,0.1625,0.1715,0.16182,0.1715,1640430.0
LAUNCHCOINUSDT,2025-05-24 02:30:00,0.1715,0.17239,0.16834,0.16998,657280.0
LAUNCHCOINUSDT,2025-05-24 02:45:00,0.16998,0.17005,0.16779,0.16838,291490.0
LAUNCHCOINUSDT,2025-05-24 03:00:00,0.16838,0.17193,0.16766,0.16916,611240.0
LAUNCHCOINUSDT,2025-05-24 03:15:00,0.16916,0.17355,0.16916,0.17115,465410.0
LAUNCHCOINUSDT,2025-05-24 03:30:00,0.17115,0.17242,0.17001,0.17033,281890.0
LAUNCHCOINUSDT,2025-05-24 03:45:00,0.17033,0.17336,0.1692,0.17177,731020.0
LAUNCHCOINUSDT,2025-05-24 04:00:00,0.17177,0.17208,0.16963,0.16979,262910.0
LAUNCHCOINUSDT,2025-05-24 04:15:00,0.16979,0.17107,0.169,0.17046,358820.0
LAUNCHCOINUSDT,2025-05-24 04:30:00,0.17046,0.17144,0.16694,0.16745,582570.0
LAUNCHCOINUSDT,2025-05-24 04:45:00,0.16745,0.17026,0.16697,0.16997,328460.0
LAUNCHCOINUSDT,2025-05-24 05:00:00,0.16997,0.17255,0.16974,0.16976,969450.0
LAUNCHCOINUSDT,2025-05-24 05:15:00,0.16976,0.17083,0.16883,0.16968,537900.0
LAUNCHCOINUSDT,2025-05-24 05:30:00,0.16968,0.17294,0.16822,0.16825,1066250.0
LAUNCHCOINUSDT,2025-05-24 05:45:00,0.16825,0.17064,0.16754,0.17043,467020.0
LAUNCHCOINUSDT,2025-05-24 06:00:00,0.17043,0.17281,0.16866,0.16866,521740.0
LAUNCHCOINUSDT,2025-05-24 06:15:00,0.16866,0.17,0.16808,0.16951,573400.0
LAUNCHCOINUSDT,2025-05-24 06:30:00,0.16951,0.171,0.16643,0.17047,1326790.0
LAUNCHCOINUSDT,2025-05-24 06:45:00,0.17047,0.17065,0.16767,0.16985,1131100.0
LAUNCHCOINUSDT,2025-05-24 07:00:00,0.16985,0.17242,0.16985,0.17225,977280.0
LAUNCHCOINUSDT,2025-05-24 07:15:00,0.17225,0.17347,0.17082,0.17164,1045600.0
LAUNCHCOINUSDT,2025-05-24 07:30:00,0.17164,0.17821,0.17029,0.17311,1398060.0
LAUNCHCOINUSDT,2025-05-24 07:45:00,0.17311,0.1745,0.17203,0.17316,778330.0
LAUNCHCOINUSDT,2025-05-24 08:00:00,0.17316,0.1769,0.1728,0.17609,620360.0
LAUNCHCOINUSDT,2025-05-24 08:15:00,0.17609,0.17692,0.17242,0.17504,576940.0
LAUNCHCOINUSDT,2025-05-24 08:30:00,0.17504,0.17878,0.17433,0.17688,889660.0
LAUNCHCOINUSDT,2025-05-24 08:45:00,0.17688,0.17977,0.17671,0.17752,595960.0
LAUNCHCOINUSDT,2025-05-24 09:00:00,0.17752,0.18112,0.17613,0.17633,1263450.0
LAUNCHCOINUSDT,2025-05-24 09:15:00,0.17633,0.17633,0.17341,0.17495,1138250.0
LAUNCHCOINUSDT,2025-05-24 09:30:00,0.17495,0.17691,0.1735,0.17542,501170.0
LAUNCHCOINUSDT,2025-05-24 09:45:00,0.17542,0.17574,0.1733,0.17368,209540.0
LAUNCHCOINUSDT,2025-05-24 10:00:00,0.17368,0.17485,0.173,0.1734,215400.0
LAUNCHCOINUSDT,2025-05-24 10:15:00,0.1734,0.17514,0.17335,0.17489,218630.0
LAUNCHCOINUSDT,2025-05-24 10:30:00,0.17489,0.17934,0.1747,0.17899,479120.0
LAUNCHCOINUSDT,2025-05-24 10:45:00,0.17899,0.18034,0.17756,0.17796,511320.0
LAUNCHCOINUSDT,2025-05-24 11:00:00,0.17796,0.1805,0.17774,0.17903,323300.0
LAUNCHCOINUSDT,2025-05-24 11:15:00,0.17903,0.17944,0.17686,0.17719,337530.0
LAUNCHCOINUSDT,2025-05-24 11:30:00,0.17719,0.17808,0.17471,0.17472,502630.0
LAUNCHCOINUSDT,2025-05-24 11:45:00,0.17472,0.17558,0.17347,0.17403,442980.0
LAUNCHCOINUSDT,2025-05-24 12:00:00,0.17403,0.17498,0.1709,0.17175,840970.0
LAUNCHCOINUSDT,2025-05-24 12:15:00,0.17175,0.17319,0.1716,0.1725,539190.0
LAUNCHCOINUSDT,2025-05-24 12:30:00,0.1725,0.17266,0.17031,0.17145,464740.0
LAUNCHCOINUSDT,2025-05-24 12:45:00,0.17145,0.17338,0.171,0.17204,208100.0
LAUNCHCOINUSDT,2025-05-24 13:00:00,0.17204,0.17299,0.17094,0.17148,191640.0
LAUNCHCOINUSDT,2025-05-24 13:15:00,0.17148,0.17649,0.17064,0.17648,816360.0
LAUNCHCOINUSDT,2025-05-24 13:30:00,0.17648,0.17901,0.17565,0.17654,748280.0
LAUNCHCOINUSDT,2025-05-24 13:45:00,0.17654,0.178,0.17596,0.17605,451670.0
LAUNCHCOINUSDT,2025-05-24 14:00:00,0.17605,0.17816,0.1759,0.17647,284070.0
LAUNCHCOINUSDT,2025-05-24 14:15:00,0.17647,0.17851,0.176,0.17738,395840.0
LAUNCHCOINUSDT,2025-05-24 14:30:00,0.17738,0.18045,0.17699,0.18036,550500.0
LAUNCHCOINUSDT,2025-05-24 14:45:00,0.18036,0.181,0.17684,0.17702,1086100.0
LAUNCHCOINUSDT,2025-05-24 15:00:00,0.17702,0.18,0.17528,0.17893,1114840.0
LAUNCHCOINUSDT,2025-05-24 15:15:00,0.17893,0.17965,0.17456,0.17534,1093640.0
LAUNCHCOINUSDT,2025-05-24 15:30:00,0.17534,0.17566,0.17304,0.17393,890740.0
LAUNCHCOINUSDT,2025-05-24 15:45:00,0.17393,0.17393,0.16542,0.1664,2146550.0
LAUNCHCOINUSDT,2025-05-24 16:00:00,0.1664,0.16948,0.16569,0.16865,1003660.0
LAUNCHCOINUSDT,2025-05-24 16:15:00,0.16865,0.17018,0.16601,0.16976,662260.0
LAUNCHCOINUSDT,2025-05-24 16:30:00,0.16976,0.17569,0.16844,0.17551,771250.0
LAUNCHCOINUSDT,2025-05-24 16:45:00,0.17551,0.18066,0.174,0.18053,1616440.0
LAUNCHCOINUSDT,2025-05-24 17:00:00,0.18053,0.18593,0.17824,0.18327,2210840.0
LAUNCHCOINUSDT,2025-05-24 17:15:00,0.18327,0.1884,0.18164,0.187,1498130.0
LAUNCHCOINUSDT,2025-05-24 17:30:00,0.187,0.18814,0.18277,0.18426,770530.0
LAUNCHCOINUSDT,2025-05-24 17:45:00,0.18426,0.19035,0.18392,0.1889,1077150.0
LAUNCHCOINUSDT,2025-05-24 18:00:00,0.1889,0.19344,0.1883,0.19145,1198310.0
LAUNCHCOINUSDT,2025-05-24 18:15:00,0.19145,0.1935,0.18793,0.18793,907080.0
LAUNCHCOINUSDT,2025-05-24 18:30:00,0.18793,0.1889,0.18613,0.18837,419930.0
LAUNCHCOINUSDT,2025-05-24 18:45:00,0.18837,0.19846,0.18812,0.18938,2014990.0
LAUNCHCOINUSDT,2025-05-24 19:00:00,0.18938,0.19586,0.18853,0.19316,1264830.0
LAUNCHCOINUSDT,2025-05-24 19:15:00,0.19316,0.19351,0.1817,0.18515,2498510.0
LAUNCHCOINUSDT,2025-05-24 19:30:00,0.18515,0.18776,0.18381,0.18561,698390.0
LAUNCHCOINUSDT,2025-05-24 19:45:00,0.18561,0.18768,0.18427,0.18703,617940.0
LAUNCHCOINUSDT,2025-05-24 20:00:00,0.18703,0.18765,0.18419,0.18528,487140.0
LAUNCHCOINUSDT,2025-05-24 20:15:00,0.18528,0.18624,0.18305,0.1856,435160.0
LAUNCHCOINUSDT,2025-05-24 20:30:00,0.1856,0.18715,0.18523,0.18596,342810.0
LAUNCHCOINUSDT,2025-05-24 20:45:00,0.18596,0.18935,0.18544,0.188,480590.0
LAUNCHCOINUSDT,2025-05-24 21:00:00,0.188,0.18802,0.18445,0.18575,488410.0
LAUNCHCOINUSDT,2025-05-24 21:15:00,0.18575,0.1863,0.18325,0.18403,429880.0
LAUNCHCOINUSDT,2025-05-24 21:30:00,0.18403,0.18485,0.18282,0.1841,371540.0
LAUNCHCOINUSDT,2025-05-24 21:45:00,0.1841,0.18441,0.18178,0.18269,469600.0
LAUNCHCOINUSDT,2025-05-24 22:00:00,0.18269,0.18471,0.18207,0.18471,1058700.0
LAUNCHCOINUSDT,2025-05-24 22:15:00,0.18471,0.18908,0.18335,0.18855,718960.0
LAUNCHCOINUSDT,2025-05-24 22:30:00,0.18855,0.18949,0.18524,0.1873,875390.0
LAUNCHCOINUSDT,2025-05-24 22:45:00,0.1873,0.19426,0.1873,0.1935,913270.0
LAUNCHCOINUSDT,2025-05-24 23:00:00,0.1935,0.19463,0.19017,0.19308,937790.0
LAUNCHCOINUSDT,2025-05-24 23:15:00,0.19308,0.195,0.19166,0.19211,433340.0
LAUNCHCOINUSDT,2025-05-24 23:30:00,0.19211,0.19236,0.18808,0.18833,834260.0
LAUNCHCOINUSDT,2025-05-24 23:45:00,0.18833,0.18977,0.18737,0.18737,472820.0
LAUNCHCOINUSDT,2025-05-25 00:00:00,0.18737,0.19254,0.18715,0.18987,1386270.0
LAUNCHCOINUSDT,2025-05-25 00:15:00,0.18987,0.18989,0.18595,0.18809,1146220.0
LAUNCHCOINUSDT,2025-05-25 00:30:00,0.18809,0.18847,0.18092,0.18179,793480.0
LAUNCHCOINUSDT,2025-05-25 00:45:00,0.18179,0.18395,0.17926,0.18022,1859930.0
LAUNCHCOINUSDT,2025-05-25 01:00:00,0.18022,0.18325,0.17868,0.18186,1143810.0
LAUNCHCOINUSDT,2025-05-25 01:15:00,0.18186,0.18255,0.17961,0.17984,1101890.0
LAUNCHCOINUSDT,2025-05-25 01:30:00,0.17984,0.18484,0.1796,0.18138,722150.0
LAUNCHCOINUSDT,2025-05-25 01:45:00,0.18138,0.18224,0.17945,0.18214,648300.0
LAUNCHCOINUSDT,2025-05-25 02:00:00,0.18214,0.18214,0.17625,0.17693,731630.0
LAUNCHCOINUSDT,2025-05-25 02:15:00,0.17693,0.18021,0.17593,0.17968,653030.0
LAUNCHCOINUSDT,2025-05-25 02:30:00,0.17968,0.181,0.17652,0.17652,321160.0
LAUNCHCOINUSDT,2025-05-25 02:45:00,0.17652,0.17957,0.17639,0.17881,365940.0
LAUNCHCOINUSDT,2025-05-25 03:00:00,0.17881,0.18607,0.17881,0.18607,885840.0
LAUNCHCOINUSDT,2025-05-25 03:15:00,0.18607,0.18703,0.18347,0.18536,575430.0
LAUNCHCOINUSDT,2025-05-25 03:30:00,0.18536,0.19437,0.18531,0.19026,1740250.0
LAUNCHCOINUSDT,2025-05-25 03:45:00,0.19026,0.19064,0.18843,0.18906,341250.0
LAUNCHCOINUSDT,2025-05-25 04:00:00,0.18906,0.19139,0.18807,0.18973,551610.0
LAUNCHCOINUSDT,2025-05-25 04:15:00,0.18973,0.19128,0.18873,0.18919,158360.0
LAUNCHCOINUSDT,2025-05-25 04:30:00,0.18919,0.19098,0.18841,0.18882,284490.0
LAUNCHCOINUSDT,2025-05-25 04:45:00,0.18882,0.18932,0.18766,0.18927,323780.0
LAUNCHCOINUSDT,2025-05-25 05:00:00,0.18927,0.18932,0.18713,0.18833,216980.0
LAUNCHCOINUSDT,2025-05-25 05:15:00,0.18833,0.18995,0.18744,0.18792,283150.0
LAUNCHCOINUSDT,2025-05-25 05:30:00,0.18792,0.19161,0.18792,0.19119,451110.0
LAUNCHCOINUSDT,2025-05-25 05:45:00,0.19119,0.20081,0.18941,0.19624,2448690.0
LAUNCHCOINUSDT,2025-05-25 06:00:00,0.19624,0.19694,0.19199,0.19396,1442560.0
LAUNCHCOINUSDT,2025-05-25 06:15:00,0.19396,0.19578,0.19318,0.19347,590470.0
LAUNCHCOINUSDT,2025-05-25 06:30:00,0.19347,0.19406,0.19144,0.19226,486850.0
LAUNCHCOINUSDT,2025-05-25 06:45:00,0.19226,0.19444,0.19181,0.19395,347810.0
LAUNCHCOINUSDT,2025-05-25 07:00:00,0.19395,0.19444,0.1922,0.19227,241120.0
LAUNCHCOINUSDT,2025-05-25 07:15:00,0.19227,0.19349,0.19021,0.19202,592240.0
LAUNCHCOINUSDT,2025-05-25 07:30:00,0.19202,0.19404,0.19089,0.19315,351290.0
LAUNCHCOINUSDT,2025-05-25 07:45:00,0.19315,0.19354,0.1895,0.19053,427120.0
LAUNCHCOINUSDT,2025-05-25 08:00:00,0.19053,0.19053,0.185,0.18524,1172510.0
LAUNCHCOINUSDT,2025-05-25 08:15:00,0.18524,0.18577,0.18505,0.18518,318740.0
LAUNCHCOINUSDT,2025-05-25 08:30:00,0.18518,0.18585,0.18401,0.18534,313310.0
LAUNCHCOINUSDT,2025-05-25 08:45:00,0.18534,0.18534,0.1827,0.18391,600400.0
LAUNCHCOINUSDT,2025-05-25 09:00:00,0.18391,0.18522,0.18304,0.18358,486010.0
LAUNCHCOINUSDT,2025-05-25 09:15:00,0.18358,0.18388,0.18025,0.18341,1598440.0
LAUNCHCOINUSDT,2025-05-25 09:30:00,0.18341,0.18482,0.18151,0.18482,405830.0
LAUNCHCOINUSDT,2025-05-25 09:45:00,0.18482,0.18849,0.18466,0.18657,1514530.0
LAUNCHCOINUSDT,2025-05-25 10:00:00,0.18657,0.18671,0.18394,0.18509,343180.0
LAUNCHCOINUSDT,2025-05-25 10:15:00,0.18509,0.18608,0.18343,0.1838,277210.0
LAUNCHCOINUSDT,2025-05-25 10:30:00,0.1838,0.1846,0.18302,0.18336,487560.0
LAUNCHCOINUSDT,2025-05-25 10:45:00,0.18336,0.18481,0.18259,0.18268,729760.0
LAUNCHCOINUSDT,2025-05-25 11:00:00,0.18268,0.18316,0.18165,0.18281,3472090.0
LAUNCHCOINUSDT,2025-05-25 11:15:00,0.18281,0.18466,0.1822,0.18344,330110.0
LAUNCHCOINUSDT,2025-05-25 11:30:00,0.18344,0.18375,0.17711,0.17833,1413000.0
LAUNCHCOINUSDT,2025-05-25 11:45:00,0.17833,0.18143,0.17811,0.18075,363100.0
LAUNCHCOINUSDT,2025-05-25 12:00:00,0.18075,0.18092,0.17887,0.17931,415760.0
LAUNCHCOINUSDT,2025-05-25 12:15:00,0.17931,0.18225,0.17791,0.1784,750210.0
LAUNCHCOINUSDT,2025-05-25 12:30:00,0.1784,0.18215,0.17822,0.18141,567640.0
LAUNCHCOINUSDT,2025-05-25 12:45:00,0.18141,0.18182,0.1796,0.18012,373250.0
LAUNCHCOINUSDT,2025-05-25 13:00:00,0.18012,0.18078,0.17827,0.17889,404620.0
LAUNCHCOINUSDT,2025-05-25 13:15:00,0.17889,0.18017,0.17772,0.18017,309470.0
LAUNCHCOINUSDT,2025-05-25 13:30:00,0.18017,0.18126,0.17905,0.18095,264790.0
LAUNCHCOINUSDT,2025-05-25 13:45:00,0.18095,0.18146,0.18053,0.18081,237370.0
LAUNCHCOINUSDT,2025-05-25 14:00:00,0.18081,0.1814,0.17999,0.18045,257100.0
LAUNCHCOINUSDT,2025-05-25 14:15:00,0.18045,0.18063,0.17793,0.17862,811300.0
LAUNCHCOINUSDT,2025-05-25 14:30:00,0.17862,0.17917,0.17591,0.17607,675590.0
LAUNCHCOINUSDT,2025-05-25 14:45:00,0.17607,0.17817,0.17503,0.17768,587420.0
LAUNCHCOINUSDT,2025-05-25 15:00:00,0.17768,0.17931,0.17724,0.17733,648570.0
LAUNCHCOINUSDT,2025-05-25 15:15:00,0.17733,0.17735,0.1754,0.17671,992170.0
LAUNCHCOINUSDT,2025-05-25 15:30:00,0.17671,0.18079,0.17664,0.1801,1168680.0
LAUNCHCOINUSDT,2025-05-25 15:45:00,0.1801,0.182,0.17977,0.18168,450860.0
LAUNCHCOINUSDT,2025-05-25 16:00:00,0.18168,0.18637,0.18117,0.18491,1277610.0
LAUNCHCOINUSDT,2025-05-25 16:15:00,0.18491,0.18553,0.18145,0.18364,1233780.0
