date,equity
0,200000.0
1,200000.0
2,200000.0
3,199999.9999771455
4,200000.00018924763
5,200000.00014323933
6,200000.0005693088
7,199999.99935130953
8,199999.99958379852
9,199999.99888180877
10,199999.99813180877
11,199999.9991983066
12,199999.9956431844
13,199999.99585354183
14,199999.99598287517
15,199999.99598287517
16,199999.99598287517
17,199999.99596003798
18,199999.9960335365
19,199999.99577803724
20,199999.99589703747
21,199999.99531603773
22,199999.99495290063
23,199999.99495290063
24,199999.9949303528
25,199999.99438685307
26,199999.99448035282
27,199999.99431985477
28,199999.9945037264
29,199999.99321396675
30,199999.99299046822
31,199999.9924985742
32,199999.99247570182
33,199999.99226520376
34,199999.99272427778
35,199999.99223627732
36,199999.99237738448
37,199999.9930808757
38,199999.991039075
39,199999.99207415816
40,199999.99175916184
41,199999.99147265675
42,199999.9901043786
43,199999.98986637814
44,199999.99012537472
45,199999.98947865344
46,199999.9899381566
47,199999.99007365466
48,199999.99071817863
49,199999.9912491523
50,199999.99157258947
51,199999.99193352574
52,199999.99139101477
53,199999.989428521
54,199999.9913579851
55,199999.99034698663
56,199999.9907309588
57,199999.99030595293
58,199999.98735001907
59,199999.99022500025
60,199999.98956499662
61,199999.98821999546
62,199999.9889550113
63,199999.99098500996
64,199999.99236939554
65,199999.9916133897
66,199999.98752842317
67,199999.9877854557
68,199999.98575258037
69,199999.9859622065
70,199999.9860622065
71,199999.9856832026
72,199999.9878782098
73,199999.9881432122
74,199999.9882730883
75,199999.98822298576
76,199999.987588977
77,199999.98631497807
78,199999.98704898686
79,199999.9879109741
80,199999.98806587097
81,199999.98668780815
82,199999.98829181195
83,199999.98727381887
84,199999.98809981978
85,199999.99077856395
86,199999.9904803235
87,199999.99062431764
88,199999.98993730595
89,199999.9848352675
90,199999.98111942955
91,199999.981585486
92,199999.98132056082
93,199999.98020985725
94,199999.98016462105
95,199999.97961995372
96,199999.98034134542
97,199999.98141677753
98,199999.9808966943
99,199999.97658094834
100,199999.97473813963
101,199999.97879614693
102,199999.976752153
103,199999.97360529721
104,199999.9732287958
105,199999.9766682851
106,199999.9768842946
107,199999.97803928712
108,199999.97774970345
109,199999.9788757043
110,199999.9818253511
111,199999.98526285082
112,199999.9836530261
113,199999.97577190504
114,199999.97669590393
115,199999.9789779105
116,199999.97897991247
117,199999.9765639215
118,199999.9778839165
119,199999.9781039116
120,199999.97686939442
121,199999.97855101834
122,199999.97716854874
123,199999.97311532122
124,199999.97338232555
125,199999.97236052476
126,199999.97282452005
127,199999.972666024
128,199999.97309602273
129,199999.97300302348
130,199999.97272579483
131,199999.97270320883
132,199999.97351920605
133,199999.97380084792
134,199999.97397184398
135,199999.9737348445
136,199999.9714398375
137,199999.97250784273
138,199999.97339183916
139,199999.97132983993
140,199999.97051015418
141,199999.9705341532
142,199999.9707941568
143,199999.97000386653
144,199999.97000386653
145,199999.97000386653
146,199999.96998109244
147,199999.97012409166
148,199999.97007858995
149,199999.9698990917
150,199999.96968458977
151,199999.96940808836
152,199999.96970109365
153,199999.9694475903
154,199999.96952108882
155,199999.97038958844
156,199999.97085913894
157,199999.97106413162
158,199999.97152311538
159,199999.9708061111
160,199999.97097811187
161,199999.96981212083
162,199999.97042613445
163,199999.9702321159
164,199999.97154711062
165,199999.97217211055
166,199999.97244460194
167,199999.9720340516
168,199999.97416796026
169,199999.97492882426
170,199999.96973282882
171,199999.9672368331
172,199999.96919684252
173,199999.96944484056
174,199999.9748288241
175,199999.976810441
176,199999.97591548262
177,199999.97758228827
178,199999.97839508712
179,199999.9762478875
180,199999.98037165668
181,199999.97605846217
182,199999.97427096238
183,199999.98062217908
184,199999.98558880534
185,199999.98569743408
186,199999.98704806864
187,199999.9850318327
188,199999.9816109978
189,199999.98381968777
190,199999.99586365916
191,199999.9979541406
192,199999.99523163695
193,199999.99601068156
194,199999.99821868935
195,199999.99544261515
196,200000.00572299052
197,200000.00781551987
198,200000.01039556757
199,200000.00663806006
200,200000.00795056013
201,200000.00882049426
202,200000.0100031333
203,200000.01716017103
204,200000.0174661586
205,200000.0215801299
206,200000.02738722728
207,200000.01677368782
208,200000.01724575815
209,200000.0172536683
210,200000.00914976135
211,200000.00877368712
212,200000.00631811045
213,200000.01788050056
214,200000.01984563106
215,200000.02183777746
216,200000.01629526584
217,200000.01819900825
218,200000.02066302215
219,200000.0268229715
220,200000.029143989
221,200000.03151253937
222,200000.03264048067
223,200000.03204552206
224,200000.03400907217
225,200000.0367969938
226,200000.03242798056
227,200000.01619120783
228,200000.01928521445
229,200000.0275552268
230,200000.02824524156
231,200000.02586924777
232,200000.03269476746
233,200000.03579677604
234,200000.0347737839
235,200000.0316882914
236,200000.03309075133
237,200000.03485079194
238,200000.03403680254
239,200000.03489598478
240,200000.0428537503
241,200000.04381373583
242,200000.0410235192
243,200000.04299480855
244,200000.04158079458
245,200000.0378956245
246,200000.03219237895
247,200000.03615922006
248,200000.04212318597
249,200000.0408571945
250,200000.03697505168
251,200000.03604001124
252,200000.03697282268
253,200000.0326337223
254,200000.03401809634
255,200000.0337261041
256,200000.03479795184
257,200000.03793744213
258,200000.0403316472
259,200000.04072670787
260,200000.03999838541
261,200000.03742412117
262,200000.04010862482
263,200000.03517686258
264,200000.03817660664
265,200000.04604321634
266,200000.0362325088
267,200000.03545852186
268,200000.03473228918
269,200000.037987982
270,200000.0412606156
271,200000.04434059665
272,200000.04527165837
273,200000.04457164602
274,200000.04505217096
275,200000.04616318198
276,200000.04522270328
277,200000.03956082137
278,200000.03719145549
279,200000.04209196297
280,200000.04705998165
281,200000.04771491807
282,200000.04707990814
283,200000.04912531914
284,200000.04799779202
285,200000.04728572804
286,200000.04414717734
287,200000.04312171295
288,200000.01776480625
289,200000.01851872887
290,200000.018312202
291,200000.01828833032
292,200000.01891709157
293,200000.01678808747
294,200000.01713209384
295,200000.01614008934
296,200000.01604509423
297,200000.01566909323
298,200000.0185340959
299,200000.01761208655
300,200000.01710108796
301,200000.01761022635
302,200000.01531968944
303,200000.01443170107
304,200000.01199734077
305,200000.01202234076
306,200000.01191948232
307,200000.01191948232
308,200000.01191948232
309,200000.01191948232
310,200000.01191948232
311,200000.01191948232
312,200000.01191948232
313,200000.01189510463
314,200000.0119751034
315,200000.01219460412
316,200000.0122371029
317,200000.01242610437
318,200000.01195010336
319,200000.0123966061
320,200000.01260004545
321,200000.01492204267
322,200000.01536983158
323,200000.01557383552
324,200000.01519512426
325,200000.0185752798
326,200000.01754930313
327,200000.01736849314
328,200000.022621997
329,200000.02221248153
330,200000.02204969994
331,200000.01558990235
332,200000.01755492933
333,200000.02236492734
334,200000.02557488915
335,200000.0273263224
336,200000.0295921243
337,200000.02836011729
338,200000.0317621075
339,200000.0169103713
340,200000.0248193747
341,200000.02330936986
342,200000.02210830804
343,200000.02923084912
344,200000.02846634094
345,200000.03394111423
346,200000.03535109982
347,200000.03476311144
348,200000.0336591318
349,200000.02474696838
350,200000.02885695422
351,200000.03004695685
352,200000.03610695535
353,200000.03627665652
354,200000.03942264098
355,200000.04098468964
356,200000.03643282282
357,200000.02962267463
358,200000.01755093585
359,200000.02261088157
360,200000.02297336937
361,200000.01891844015
362,200000.02342729268
363,200000.02452228186
364,200000.02601329156
365,200000.02570898322
366,200000.02623896376
367,200000.02204183774
368,200000.02344433422
369,200000.02047482584
370,200000.01999281897
371,200000.01950782136
372,200000.0208277532
373,200000.02079625294
374,200000.02067825364
375,200000.0214822576
376,200000.02175425476
377,200000.02175425476
378,200000.02175425476
379,200000.02175425476
380,200000.02175425476
381,200000.02175425476
382,200000.02175425476
383,200000.02175425476
384,200000.02175425476
385,200000.02175425476
386,200000.02175425476
387,200000.02172872392
388,200000.02075438382
389,200000.02075438382
390,200000.02075438382
391,200000.02075438382
392,200000.02075438382
393,200000.02072979428
394,200000.01998179004
395,200000.02091379088
396,200000.02038678888
397,200000.02006729422
398,200000.02199995844
399,200000.01853895953
400,200000.01763496775
401,200000.01553198975
402,200000.01772746025
403,200000.01767245537
404,200000.01774445243
405,200000.02038245313
406,200000.02236646216
407,200000.02188534255
408,200000.01666039432
409,200000.01669938356
410,200000.0165423889
411,200000.01484739367
412,200000.01500438832
413,200000.013292595
414,200000.01392159282
415,200000.01564309563
416,200000.0140730943
417,200000.01437909403
418,200000.01356159523
419,200000.0127900925
420,200000.0136465928
421,200000.01333359227
422,200000.0145835924
423,200000.01467609726
424,200000.01368659522
425,200000.01368309182
426,200000.01303875766
427,200000.01303875766
428,200000.01303875766
429,200000.01303875766
430,200000.01303875766
431,200000.0130135702
432,200000.0133635702
433,200000.0129625692
434,200000.0129365682
435,200000.01334707244
436,200000.01364507046
437,200000.0133883027
438,200000.0154173067
439,200000.0153763033
440,200000.01467229932
441,200000.01497187093
442,200000.01718437113
443,200000.0164328696
444,200000.01831837997
445,200000.0179163719
446,200000.0167073813
447,200000.01779026559
448,200000.01517224777
449,200000.0131362613
450,200000.0136782535
451,200000.01344624665
452,200000.0055062433
453,200000.0060762384
454,200000.0073770435
455,200000.00719154545
456,200000.00711754643
457,200000.00816154672
458,200000.00844654426
459,200000.00794854623
460,200000.00886654554
461,200000.00681954226
462,200000.0068800464
463,200000.00648102566
464,200000.00648102566
465,200000.00648102566
466,200000.00645627794
467,200000.00750978143
468,200000.00821138456
469,200000.00399957437
470,200000.0044983732
471,200000.00644136636
472,200000.00568236978
473,200000.0082293669
474,200000.00758637371
475,200000.00985519929
476,200000.00624130236
477,200000.0095652283
478,200000.0063894444
479,200000.00231044038
480,200000.00224044526
481,200000.00107362945
482,200000.00150962797
483,200000.00199112823
484,200000.0008801297
485,199999.9997636319
486,199999.99987258186
487,199999.99987258186
488,199999.99987258186
489,199999.99987258186
490,199999.99987258186
491,199999.99987258186
492,199999.99987258186
493,199999.99984803205
494,199999.9999470311
495,199999.99959103132
496,199999.99834918842
497,199999.99834918842
498,199999.99834918842
499,199999.99834918842
500,199999.99834918842
501,199999.99834918842
502,199999.9983247168
503,199999.9983247168
504,200000.0001012183
505,199999.99987371583
506,200000.00114931952
507,199999.9992553132
508,199999.99813531805
509,200000.00006631168
510,199999.99854331362
511,200000.00204950897
512,200000.00321200897
513,200000.00918116924
514,200000.01079318105
515,200000.0137080645
516,200000.00665968415
517,200000.00396568992
518,200000.00825768217
519,200000.00358768686
520,200000.00191966927
521,200000.00321766734
522,199999.99864588372
523,199999.99611538445
524,199999.9983053991
525,200000.00493238875
526,200000.00646089835
527,200000.00489188582
528,200000.0057348851
529,200000.00455889018
530,200000.0030993931
531,200000.00032322464
532,200000.00215822223
533,200000.0020452217
534,200000.00216621783
535,200000.00104121782
536,200000.00279121785
537,200000.00173322222
538,199999.99986421585
539,199999.99891521686
540,199999.9990184186
541,199999.99963541687
542,200000.00148791933
543,200000.00142910788
544,200000.00188810448
545,200000.00119310935
546,200000.00410606447
547,200000.00575156012
548,200000.0087288265
549,199999.99924961373
550,200000.00103161443
551,200000.0000251203
552,200000.00412611518
553,200000.0058571211
554,199999.99771281125
555,200000.00094480583
556,199999.99783580925
557,199999.99577531096
558,199999.9956198117
559,199999.99621281092
560,199999.99698131066
561,199999.9975083126
562,199999.99713431357
563,199999.9947603085
564,199999.99486913442
565,199999.99486913442
566,199999.99486913442
567,199999.99486913442
568,199999.99486913442
569,199999.99486913442
570,199999.99486913442
571,199999.99486913442
572,199999.99486913442
573,199999.99486913442
574,199999.99486913442
575,199999.99486913442
576,199999.99486913442
577,199999.99486913442
578,199999.99486913442
579,199999.99484533514
580,199999.99528982973
581,199999.9957408307
582,199999.99566733214
583,199999.99539582946
584,199999.9951283307
585,199999.99631583068
586,199999.99651969463
587,199999.9958786912
588,199999.99693151054
589,199999.9930540754
590,199999.9935650861
591,199999.9926250837
592,199999.9941550763
593,199999.9941010846
594,199999.9946630841
595,199999.99612983956
596,199999.99637259045
597,199999.9966285963
598,199999.99398260025
599,199999.9894206806
600,199999.98994273925
601,199999.98810074717
602,199999.98904273927
603,199999.98959173827
604,199999.99033374264
605,199999.99054574218
606,199999.98905088945
607,199999.98864988852
608,199999.98862738485
609,199999.98996988963
610,199999.9877777832
611,199999.9877777832
612,199999.98775419878
613,199999.98890169628
614,199999.98868269607
615,199999.98767469442
616,199999.98766919516
617,199999.98810618388
618,199999.98941818334
619,199999.98891619363
620,199999.9914061837
621,199999.99137600907
622,199999.9919325032
623,199999.9907805135
624,199999.9966035052
625,199999.9972962243
626,199999.99697222526
627,199999.99596736935
628,200000.00181487293
629,200000.0014698717
630,200000.00409484006
631,199999.99765513517
632,200000.00490763749
633,200000.00273261912
634,200000.00620762527
635,200000.00898282768
636,200000.01299983222
637,200000.0038423927
638,200000.0001024024
639,199999.99998976875
640,200000.00012577948
641,199999.9967257795
642,199999.99568779123
643,200000.00161777157
644,200000.00057377742
645,200000.00525178036
646,199999.99946315697
647,199999.9963041482
648,199999.99881347507
649,199999.99952046972
650,200000.0006504746
651,199999.99706347508
652,199999.9966324814
653,199999.99892182017
654,199999.99740932017
655,199999.99695932018
656,199999.99774581922
657,199999.99793381972
658,199999.9975788148
659,199999.99729233794
660,199999.99729233794
661,199999.99726967106
662,199999.99687716618
663,199999.99671816963
664,199999.99599417063
665,199999.99726216987
666,199999.99702866765
667,199999.99652116644
668,199999.99554715867
669,199999.99554715867
670,199999.99554715867
671,199999.99552440888
672,199999.99743191007
673,199999.99715790493
674,199999.99588390594
675,199999.99804790737
676,199999.99767140587
677,199999.9968209054
678,199999.99668841026
679,199999.9996164832
680,199999.99752648076
681,200000.00324747676
682,199999.9982354772
683,199999.9933559318
684,199999.99575543124
685,199999.99669893098
686,199999.99681642975
687,199999.99565092684
688,199999.99544642854
689,200000.00078892722
690,199999.99779193013
691,199999.99805692647
692,200000.0003959279
693,200000.00114843037
694,200000.00324485975
695,200000.00931086327
696,200000.0104398611
697,200000.01794186345
698,200000.01899287256
699,200000.00335333686
700,200000.00388733344
701,200000.0129043319
702,200000.00904533506
703,200000.0096333356
704,200000.00514833172
705,200000.00818333548
706,200000.01401033156
707,200000.01287733586
708,200000.01601133266
709,200000.01879633655
710,200000.00961792786
711,200000.0101389271
712,200000.00893892703
713,200000.00820592834
714,200000.00832842896
715,200000.0063559283
716,200000.0090049274
717,200000.01139942821
718,200000.01009392884
719,200000.0106829273
720,200000.01169592782
721,200000.01402842917
722,200000.01107892947
723,200000.01297892953
724,200000.0141059285
725,200000.01368742876
726,200000.0163144278
727,200000.01900390437
728,200000.01424490122
729,200000.0090483859
730,200000.00876938505
731,200000.00725488606
732,200000.00682688618
733,200000.01082838472
734,200000.00919838587
735,200000.0081018862
736,200000.0093778872
737,200000.00783538533
738,200000.006153885
739,200000.0072053865
740,200000.0066768861
741,200000.0079593843
742,200000.00765238664
743,200000.0082103853
744,200000.00597988593
745,200000.0064178864
746,200000.00737488412
747,200000.00724488532
748,200000.00805738533
749,200000.00848088693
750,200000.00823138433
751,200000.00799888614
752,200000.00816788638
753,200000.00710688473
754,200000.00710688473
755,200000.00710688473
756,200000.00710688473
757,200000.00710688473
758,200000.00710688473
759,200000.00710688473
760,200000.00710688473
761,200000.00710688473
762,200000.00710688473
763,200000.00708845854
764,200000.00703245876
765,200000.0067134585
766,200000.00894040763
767,200000.0054384055
768,200000.00671240457
769,200000.00626740334
770,200000.00580540384
771,200000.00489140235
772,200000.0020534018
773,200000.00494840308
774,200000.00687440406
775,200000.00691840428
776,200000.00561140353
777,200000.00623940644
778,200000.00487740693
779,200000.0025837209
780,200000.00251921892
781,200000.00465572104
782,200000.00432672017
783,200000.00425421956
784,200000.00467171834
785,200000.0065373289
786,200000.0066123289
787,200000.0075425376
788,200000.00887603985
789,200000.01288403565
790,200000.00841253574
791,200000.00964853432
792,200000.0114590355
793,200000.0141026833
794,200000.0209566877
795,200000.0218377225
796,200000.01768559884
797,200000.02373277536
798,200000.023525271
799,200000.02522099979
800,200000.01228281826
801,200000.01182560218
802,200000.00594960086
803,200000.00477003583
804,200000.00516903182
805,200000.00153453462
806,199999.99908209406
807,200000.0001130938
808,200000.0016630938
809,199999.99620686407
810,199999.99704686346
811,199999.99664072416
812,199999.99664072416
813,199999.99664072416
814,199999.99664072416
815,199999.99664072416
816,199999.99664072416
817,199999.99664072416
818,199999.99664072416
819,199999.99662236936
820,199999.99562586975
821,199999.996106369
822,199999.99767637026
823,199999.9977848694
824,199999.99692337037
825,199999.99745137026
826,199999.99811336977
827,199999.99832836917
828,199999.99646787115
829,199999.99735237123
830,199999.99702586976
831,199999.99744436954
832,199999.9981412071
833,199999.99726921003
834,199999.99703420638
835,199999.9988822105
836,199999.99879920878
837,199999.999270211
838,200000.00224220802
839,200000.00189820776
840,200000.00347121194
841,200000.00223813657
842,200000.00549483916
843,200000.00147774862
844,200000.0013251629
845,199999.99642032516
846,199999.9977928288
847,199999.99626432845
848,200000.00028883092
849,200000.0000518283
850,199999.9993528232
851,199999.99708183017
852,199999.9968823276
853,200000.0003818301
854,199999.99779132716
855,199999.99985683005
856,200000.00170332965
857,200000.00526282674
858,200000.00554332603
859,200000.00359632887
860,200000.00518190616
861,200000.00470790712
862,200000.0045179047
863,200000.0051759003
864,200000.00451990662
865,200000.0056679047
866,200000.00593190617
867,200000.00143389576
868,199999.99906477603
869,199999.99887578373
870,200000.0000247797
871,200000.0004537775
872,199999.99620634675
873,199999.9964123465
874,199999.99699634916
875,199999.99892834987
876,199999.99879235134
877,199999.9996253469
878,199999.9988343496
879,199999.99923535058
880,199999.99654434714
881,199999.9967553587
882,199999.99587086166
883,199999.99577856445
884,199999.99577856445
885,199999.99575977316
886,199999.99464476356
887,199999.99464476356
888,199999.99464476356
889,199999.99462535614
890,199999.9945879531
891,199999.99566295306
892,199999.9959884085
893,199999.99591190703
894,199999.99924490257
895,199999.99967061475
896,200000.0002546113
897,199999.99972281558
898,199999.9986053229
899,200000.00150531682
900,200000.00166793712
901,200000.00621294446
902,200000.00711895037
903,200000.0062399342
904,200000.00450800644
905,200000.00986799193
906,200000.0085159899
907,200000.00341598972
908,200000.00799999858
909,200000.01076799183
910,200000.0072919693
911,199999.99874615544
912,200000.00170825946
913,200000.00406480854
914,200000.00731772682
915,200000.01388373048
916,200000.01368770996
917,200000.0145179488
918,200000.01454566565
919,200000.01583265915
920,200000.01488990273
921,200000.01073487313
922,199999.9993849228
923,199999.9982334305
924,200000.00118489462
925,200000.00513290495
926,200000.0078096482
927,200000.01060264147
928,200000.0143721485
929,200000.0138786365
930,200000.01617163816
931,200000.01748765385
932,200000.02393965638
933,200000.02261099353
934,200000.02387552
935,200000.0222375132
936,200000.02538751357
937,200000.02053199534
938,200000.01597100243
939,200000.01341099245
940,200000.02085098316
941,200000.019902985
942,200000.0184704023
943,200000.00891960977
944,200000.00752760528
945,200000.01208220088
946,200000.01564720355
947,200000.0163621999
948,200000.0183372062
949,200000.01981899387
950,200000.02122897937
951,200000.02032897927
952,200000.02597800325
953,200000.02731904955
954,200000.02419017063
955,200000.0282821633
956,200000.02554217263
957,200000.02167815846
958,200000.02628216284
959,200000.0209373427
960,200000.0164891642
961,200000.0154065549
962,200000.01019112088
963,200000.0148664561
964,200000.01035808728
965,200000.0110270937
966,200000.01125964252
967,200000.01131414078
968,200000.01232064108
969,200000.01245414326
970,200000.01362220795
971,200000.0136152133
972,200000.01416521336
973,200000.01301733893
974,200000.0139533375
975,200000.01632634792
976,200000.01645822937
977,200000.01635424988
978,200000.01337424474
979,200000.01267024077
980,200000.015642238
981,200000.0155242448
982,200000.01652024098
983,200000.01267132282
984,200000.01329232505
985,200000.01527682226
986,200000.01533382296
987,200000.01393583094
988,200000.01484482147
989,200000.01443532435
990,200000.01273881542
991,200000.01334031695
992,200000.01430032065
993,200000.0149093295
994,200000.01606432226
995,200000.01513733246
996,200000.01528264885
997,200000.01198666336
998,200000.0132646664
999,200000.01558068217
1000,200000.01637467637
1001,200000.01686745978
1002,200000.01831869877
1003,200000.01870871347
1004,200000.01821342797
1005,200000.01829046043
1006,200000.01430728514
1007,200000.01965296
1008,200000.02088847043
1009,200000.02110546874
1010,200000.0226765264
1011,200000.02397109236
1012,200000.02484962263
1013,200000.01944825487
1014,200000.0237052926
1015,200000.02491328178
1016,200000.01805545823
1017,200000.02515543444
1018,200000.01901770217
1019,200000.01035134832
1020,200000.00287260395
1021,200000.0036046391
1022,200000.00312271883
1023,200000.00338921664
1024,200000.0027198728
1025,200000.00269913411
1026,200000.0019122449
1027,200000.0004782112
1028,200000.00078020705
1029,200000.00246807814
1030,200000.0021600825
1031,200000.00308451024
1032,200000.00101750583
1033,200000.00137600803
1034,199999.99982501316
1035,200000.00026900726
1036,199999.99734406074
1037,199999.9968800593
1038,199999.9961349928
1039,199999.99601399057
1040,199999.99605091222
1041,199999.99605091222
1042,199999.99605091222
1043,199999.99605091222
1044,199999.99605091222
1045,199999.99605091222
1046,199999.9960297291
1047,199999.99605372813
1048,199999.99626272474
1049,199999.99702783674
1050,199999.99700784162
1051,199999.99718143223
1052,199999.99795543734
1053,199999.9986284357
1054,199999.99857843565
1055,199999.9986824396
1056,200000.00045083524
1057,200000.00211667316
1058,200000.00200267168
1059,200000.0002020932
1060,200000.00227060518
1061,200000.0050661499
1062,200000.0008736022
1063,199999.99955845127
1064,200000.000160441
1065,200000.0048014444
1066,200000.0048147459
1067,200000.00193477146
1068,200000.00841543192
1069,200000.01588740485
1070,200000.01748740498
1071,200000.0118954123
1072,200000.01508740467
1073,200000.0213875607
1074,200000.02328654774
1075,200000.02402460936
1076,200000.03601748234
1077,200000.03686238235
1078,200000.01921058
1079,200000.0232530914
1080,200000.03046853884
1081,200000.02958540755
1082,200000.03163298476
1083,200000.03809047482
1084,200000.0341679887
1085,200000.01280373364
1086,200000.01660683245
1087,200000.023523785
1088,200000.0154440151
1089,200000.02011503594
1090,200000.01147355282
1091,200000.00990589792
1092,200000.00420533906
1093,200000.00332072924
1094,200000.00332072924
1095,200000.00332072924
1096,200000.00332072924
1097,200000.00332072924
1098,200000.00329937242
1099,200000.00323637802
1100,200000.00404337267
1101,200000.00433087265
1102,200000.00648316095
1103,200000.00487316333
1104,200000.00627715507
1105,200000.00621841426
1106,200000.00713042603
1107,200000.00184287914
1108,200000.00320788156
1109,200000.00505718184
1110,200000.00088569135
1111,200000.00044069623
1112,200000.00423569136
1113,200000.0056766948
1114,200000.0045236918
1115,200000.0051546977
1116,200000.00203969516
1117,200000.00156369418
1118,200000.0017606913
1119,199999.99917954142
1120,199999.99921054114
1121,199999.99913903847
1122,199999.99906553992
1123,199999.99928104287
1124,200000.00017553745
1125,200000.00033903844
1126,200000.00125654333
1127,200000.0011030399
1128,200000.00119179738
1129,200000.00452479298
1130,200000.00557779596
1131,200000.00557779596
1132,200000.00557779596
1133,200000.00557779596
1134,200000.00555719325
1135,200000.00605619227
1136,200000.00642091068
1137,200000.0064999146
1138,200000.00813795783
1139,200000.00811246954
1140,200000.0082879952
1141,200000.00194735103
1142,200000.0029028503
1143,200000.00473734745
1144,200000.00265384518
1145,200000.00626585694
1146,200000.00759332895
1147,200000.01006332412
1148,200000.00982931533
1149,200000.00828732306
1150,200000.0073673279
1151,200000.00738131715
1152,200000.01223331928
1153,200000.01113210974
1154,200000.01282711714
1155,200000.0124696342
1156,200000.01142712316
1157,200000.01296462936
1158,200000.01128213416
1159,200000.00336371703
1160,200000.00219171995
1161,200000.00129893038
1162,200000.0012976373
1163,200000.00261364074
1164,200000.00277564026
1165,200000.0009226373
1166,200000.00050791402
1167,200000.00029141622
1168,199999.99949639803
1169,199999.99949639803
1170,199999.9994759258
1171,199999.99860742607
1172,199999.99939092217
1173,199999.99937042655
1174,199999.99782242242
1175,199999.99731102458
1176,199999.99731102458
1177,199999.99729010617
1178,199999.99764160762
1179,199999.99790711055
1180,199999.99815451482
1181,199999.99938951235
1182,199999.99930950746
1183,199999.99968525383
1184,199999.999623767
1185,199999.9997420009
1186,200000.0031659999
1187,200000.0025800136
1188,200000.00148001357
1189,199999.9995899989
1190,200000.00435801648
1191,200000.0030345929
1192,200000.00441957213
1193,200000.00367707945
1194,200000.0027945721
1195,200000.00405458186
1196,200000.00175209157
1197,200000.0076820843
1198,200000.00748707695
1199,200000.0070095989
1200,200000.0087604389
1201,200000.00881141546
1202,200000.01014643747
1203,200000.01262364342
1204,200000.01110043426
1205,200000.01205238744
1206,200000.01539485418
1207,200000.0050060703
1208,200000.01052757926
1209,200000.0114462613
1210,200000.01285623456
1211,200000.01412625416
1212,200000.01413626393
1213,200000.0125412321
1214,200000.0132062712
1215,200000.01292442883
1216,200000.01342842667
1217,200000.0175639006
1218,200000.01951742778
1219,200000.03104526713
1220,200000.03317847158
1221,200000.03185625107
1222,200000.02641662958
1223,200000.02960259188
1224,200000.0265006383
1225,200000.0178805982
1226,200000.0170556421
1227,200000.00730705736
1228,200000.00738527146
1229,200000.01372026314
1230,200000.01478427692
1231,200000.01412277174
1232,200000.00809066184
1233,200000.01249566078
1234,200000.01023627885
1235,200000.00990827588
1236,200000.00844447815
1237,200000.01227246295
1238,200000.01459147554
1239,200000.01504621824
1240,200000.01470599385
1241,200000.01486349505
1242,200000.01599600248
1243,200000.01715366525
1244,200000.01937367275
1245,200000.0193916537
1246,200000.01973065519
1247,200000.0178226594
1248,200000.02011466402
1249,200000.02042667576
1250,200000.0213551816
1251,200000.02396464272
1252,200000.02566063905
1253,200000.02483266042
1254,200000.02514066827
1255,200000.02552865658
1256,200000.02601406662
1257,200000.0251590555
1258,200000.0250510599
1259,200000.0314091145
1260,200000.03049059017
1261,200000.03396588418
1262,200000.0323398341
1263,200000.0309298485
1264,200000.02985715083
1265,200000.0329088938
1266,200000.04094488145
1267,200000.0394049153
1268,200000.0460409029
1269,200000.0471721727
1270,200000.03472719295
1271,200000.0331273576
1272,200000.03588549377
1273,200000.0429780774
1274,200000.04328415656
1275,200000.04818911367
1276,200000.05080814508
1277,200000.02983702024
1278,200000.03668304175
1279,200000.0516658722
1280,200000.04952990974
1281,200000.05137187795
1282,200000.05363389026
1283,200000.05851873328
1284,200000.06208342194
1285,200000.05986945645
1286,200000.0604634508
1287,200000.0648314697
1288,200000.06673342345
1289,200000.06414746068
1290,200000.06913342417
1291,200000.07159948949
1292,200000.07312403354
1293,200000.05513401932
1294,200000.0510909857
1295,200000.05048290262
1296,200000.0559717169
1297,200000.05854070565
1298,200000.05118307177
1299,200000.05171056828
1300,200000.05734307703
1301,200000.05486487827
1302,200000.05266087374
1303,200000.05499886267
1304,200000.0546388772
1305,200000.04963391792
1306,200000.05098638206
1307,200000.0501973804
1308,200000.04872255935
1309,200000.04745049073
1310,200000.04745049073
1311,200000.04742769862
1312,200000.0464462124
1313,200000.0464462124
1314,200000.0464462124
1315,200000.0464462124
1316,200000.04642307435
1317,200000.04624256896
1318,200000.04670506905
1319,200000.04714607255
1320,200000.04700131156
1321,200000.0476593195
1322,200000.0477053156
1323,200000.0476813166
1324,200000.04797232008
1325,200000.04774598198
1326,200000.0469449869
1327,200000.04638847435
1328,200000.0448203434
1329,200000.0448453434
1330,200000.04485634193
1331,200000.04537234548
1332,200000.04391834122
1333,200000.04466633947
1334,200000.04644033892
1335,200000.04714234106
1336,200000.0469293405
1337,200000.04810486737
1338,200000.0493443177
1339,200000.05028470236
1340,200000.05104356763
1341,200000.0502557264
1342,200000.0481621707
1343,200000.04348867194
1344,200000.03798968394
1345,200000.04026127138
1346,200000.042697307
1347,200000.047045306
1348,200000.04098985254
1349,200000.04326589048
1350,200000.0400018883
1351,200000.03748857847
1352,200000.03734279107
1353,200000.03968280615
1354,200000.04026679066
1355,200000.03817746634
1356,200000.03576928852
1357,200000.03563712913
1358,200000.03584662624
1359,200000.03608436795
1360,200000.03608436795
1361,200000.03606091594
1362,200000.03450527505
1363,200000.03450527505
1364,200000.03448227345
1365,200000.03515891137
1366,200000.03525907223
1367,200000.03604325917
1368,200000.03415527058
1369,200000.0377592751
1370,200000.03756656163
1371,200000.03355655115
1372,200000.03916903987
1373,200000.0386140471
1374,200000.0376490506
1375,200000.0359340539
1376,200000.03162108938
1377,200000.03329709065
1378,200000.03402509372
1379,200000.037035104
1380,200000.03470509872
1381,200000.03136811775
1382,200000.02973404486
1383,200000.02838784023
1384,200000.0274129419
1385,200000.0274129419
1386,200000.0273895497
1387,200000.0280895498
1388,200000.02759511562
1389,200000.0251409145
1390,200000.0248484157
1391,200000.02505241352
1392,200000.0246099147
1393,200000.02497341568
1394,200000.02443841196
1395,200000.02550291404
1396,200000.0254584133
1397,200000.02635641757
1398,200000.0263939659
1399,200000.0256349692
1400,200000.0250859579
1401,200000.02235791596
1402,200000.0221469174
1403,200000.0217044938
1404,200000.0217044938
1405,200000.0216819533
1406,200000.02134485403
1407,200000.02737185662
1408,200000.02741885697
1409,200000.0394068652
1410,200000.03142462805
1411,200000.0365804232
1412,200000.02877669467
1413,200000.02815969018
1414,200000.02559169664
1415,200000.0267646948
1416,200000.02665169432
1417,200000.03197569406
1418,200000.03368769382
1419,200000.03365870213
1420,200000.02980569852
1421,200000.02828069832
1422,200000.0301136942
1423,200000.02836069104
1424,200000.02501059906
1425,200000.02486859466
1426,200000.02457009608
1427,200000.02529359472
1428,200000.02681609857
1429,200000.02725259765
1430,200000.02558359716
1431,200000.02621959578
1432,200000.02780309823
1433,200000.02740109625
1434,200000.0268710974
1435,200000.02608059434
1436,200000.02505909765
1437,200000.02471409636
1438,200000.02531009863
1439,200000.02541009863
1440,200000.02717659666
1441,200000.0290365945
1442,200000.0286930947
1443,200000.02736709965
1444,200000.0267455969
1445,200000.02796159437
1446,200000.02749459603
1447,200000.02892228102
1448,200000.0321412878
1449,200000.02966929035
1450,200000.02766128225
1451,200000.0255672878
1452,200000.0265182889
1453,200000.0225533341
1454,200000.02252083283
1455,200000.02193533475
1456,200000.02211483303
1457,200000.021046591
1458,200000.021046591
1459,200000.021046591
1460,200000.021046591
1461,200000.021046591
1462,200000.02102420852
1463,200000.02182120568
1464,200000.02056421092
1465,200000.02121170852
1466,200000.02334120707
1467,200000.02336620705
1468,200000.02177671102
1469,200000.02002570985
1470,200000.0210067097
1471,200000.02216920984
1472,200000.02177320764
1473,200000.02216770843
1474,200000.02290771098
1475,200000.02056670727
1476,200000.02109670613
1477,200000.02230420746
1478,200000.0217007101
1479,200000.02200221157
1480,200000.02095721025
1481,200000.01991820868
1482,200000.01989420966
1483,200000.01873877755
1484,200000.01873877755
1485,200000.01873877755
1486,200000.01871719083
1487,200000.01702319042
1488,200000.0168911958
1489,200000.014280225
1490,200000.014280225
1491,200000.014280225
1492,200000.014280225
1493,200000.014280225
1494,200000.0142576149
1495,200000.0129246131
1496,200000.0139666115
1497,200000.0130306129
1498,200000.01249361335
1499,200000.0117759934
1500,200000.0117759934
1501,200000.0117759934
1502,200000.0117759934
1503,200000.0117759934
1504,200000.0117759934
1505,200000.0117759934
1506,200000.01175334008
1507,200000.01175834498
1508,200000.01175834498
1509,200000.01173571477
1510,200000.01146471256
1511,200000.01241494613
1512,200000.0124161722
1513,200000.0129573631
1514,200000.01228458495
1515,200000.01300705815
1516,200000.01582913875
1517,200000.01592622127
1518,200000.01696027318
1519,200000.0143962593
1520,200000.01622829065
1521,200000.02195320875
1522,200000.0248370465
1523,200000.0252538952
1524,200000.02557173255
1525,200000.0247617471
1526,200000.03158450784
1527,200000.0266250039
1528,200000.02525994022
1529,200000.02307884474
1530,200000.02271885937
1531,200000.02972681914
1532,200000.03059686322
1533,200000.04218940722
1534,200000.0418188627
1535,200000.04358692336
1536,200000.04547836664
1537,200000.0467718606
1538,200000.0407204005
1539,200000.0466549048
1540,200000.04582939192
1541,200000.04110387817
1542,200000.05073041827
1543,200000.05278026842
1544,200000.05346625493
1545,200000.05028130533
1546,200000.0543412551
1547,200000.05593727605
1548,200000.05723225934
1549,200000.06044532178
1550,200000.05589532043
1551,200000.06178226054
1552,200000.05866028694
1553,200000.05492660837
1554,200000.0391288252
1555,200000.04464378537
1556,200000.05126014238
1557,200000.0534921254
1558,200000.0535674013
1559,200000.06597343783
1560,200000.0652219727
1561,200000.06894192373
1562,200000.06970291646
1563,200000.07277189335
1564,200000.07044540325
1565,200000.06897487116
1566,200000.06290887785
1567,200000.06548288115
1568,200000.07612873297
1569,200000.07413373707
1570,200000.0706437455
1571,200000.06951374022
1572,200000.0721087118
1573,200000.0773937479
1574,200000.07456372972
1575,200000.06732971544
1576,200000.0669097323
1577,200000.0605339062
1578,200000.05219965108
1579,200000.05419996355
1580,200000.0570289621
1581,200000.05440876825
1582,200000.0543397619
1583,200000.05646077078
1584,200000.05589676913
1585,200000.0550510026
1586,200000.05510771656
1587,200000.05392503808
1588,200000.05417653965
1589,200000.05511253845
1590,200000.05557704053
1591,200000.05572200724
1592,200000.055177012
1593,200000.05596800343
1594,200000.05559299144
1595,200000.05395805847
1596,200000.05171106078
1597,200000.05173536303
1598,200000.05144236365
1599,200000.05096181697
1600,200000.05096181697
1601,200000.05093828306
1602,200000.05166690168
1603,200000.05243589604
1604,200000.05299864666
1605,200000.0559666084
1606,200000.0578716597
1607,200000.05265599338
1608,200000.05250482413
1609,200000.05194732887
1610,200000.05149231167
1611,200000.05220733868
1612,200000.04855731333
1613,200000.0533323389
1614,200000.05407983664
1615,200000.0621295377
1616,200000.0620875333
1617,200000.05989154874
1618,200000.05097939327
1619,200000.05099124706
1620,200000.04885723774
1621,200000.05220323463
1622,200000.04912999202
1623,200000.0505249997
1624,200000.04839200355
1625,200000.04630757612
1626,200000.04609012193
1627,200000.04543012424
1628,200000.04552106932
1629,200000.0454978142
1630,200000.0450223136
1631,200000.04608731627
1632,200000.04577381522
1633,200000.0451808158
1634,200000.04532131265
1635,200000.04364169092
1636,200000.04364169092
1637,200000.04361795072
1638,200000.04329594746
1639,200000.04265095218
1640,200000.04253994752
1641,200000.04199044788
1642,200000.0419894469
1643,200000.04163160216
1644,200000.04163160216
1645,200000.04160806575
1646,200000.0421095673
1647,200000.04256506666
1648,200000.04275156575
1649,200000.04205906685
1650,200000.041452066
1651,200000.04084156782
1652,200000.0408205656
1653,200000.04192706605
1654,200000.04322456388
1655,200000.0431910678
1656,200000.04286826937
1657,200000.0424682693
1658,200000.04143627445
1659,200000.044035274
1660,200000.0443592731
1661,200000.04504725925
1662,200000.04517775855
1663,200000.04526477028
1664,200000.04570120363
1665,200000.0453492016
1666,200000.04531321526
1667,200000.04560915518
1668,200000.04810415083
1669,200000.0487666571
1670,200000.04873496847
1671,200000.04724697978
1672,200000.04734296372
1673,200000.04389593186
1674,200000.04615844457
1675,200000.04598592868
1676,200000.0456768624
1677,200000.04603384496
1678,200000.04270684646
1679,200000.04448184074
1680,200000.04407183698
1681,200000.04369683692
1682,200000.05084253068
1683,200000.05197816156
1684,200000.04976813903
1685,200000.05086382932
1686,200000.05171509835
1687,200000.06106247348
1688,200000.06306082665
1689,200000.06120418292
1690,200000.0603380917
1691,200000.0611539222
1692,200000.06067989863
1693,200000.0606139074
1694,200000.05865790093
1695,200000.04942903714
1696,200000.04526969316
1697,200000.05146875823
1698,200000.04885235865
1699,200000.05018934014
1700,200000.05063034364
1701,200000.0524643407
1702,200000.05610785366
1703,200000.05594336384
1704,200000.05417584625
1705,200000.04911142154
1706,200000.04641111873
1707,200000.04645676716
1708,200000.04560676694
1709,200000.04789037397
1710,200000.05008433116
1711,200000.05128232954
1712,200000.05056831567
1713,200000.04571397766
1714,200000.04580847837
1715,200000.0426778524
1716,200000.04221776625
1717,200000.04240463514
1718,200000.04240463514
1719,200000.04238051354
1720,200000.0416090168
1721,200000.04227851768
1722,200000.0421255147
1723,200000.04156901437
1724,200000.04326201396
1725,200000.04408924005
1726,200000.04383144493
1727,200000.04380443683
1728,200000.0446056917
1729,200000.0484137004
1730,200000.048822174
1731,200000.04718466138
1732,200000.04040828845
1733,200000.04022427963
1734,200000.03955637506
1735,200000.03683837524
1736,200000.03724331022
1737,200000.03797832012
1738,200000.03687930867
1739,200000.0362531593
1740,200000.03624165416
1741,200000.03657765884
1742,200000.03669815446
1743,200000.03656256263
1744,200000.03656256263
1745,200000.03656256263
1746,200000.03656256263
1747,200000.0365382842
1748,200000.03657028492
1749,200000.03611878338
1750,200000.0358252836
1751,200000.03666428517
1752,200000.037485788
1753,200000.03691243075
1754,200000.0377004192
1755,200000.03634642725
1756,200000.03599742815
1757,200000.03531442024
1758,200000.03514142218
1759,200000.03355040538
1760,200000.03473839993
1761,200000.03652528115
1762,200000.0362202762
1763,200000.0369056092
1764,200000.03621861566
1765,200000.03548304553
1766,200000.0362570447
1767,200000.03847704022
1768,200000.03843833043
1769,200000.0380958316
1770,200000.0385108097
1771,200000.03858331946
1772,200000.04066080402
1773,200000.04189595426
1774,200000.0438699781
1775,200000.04454497824
1776,200000.04454794453
1777,200000.04696491986
1778,200000.04599195212
1779,200000.04867292196
1780,200000.04661491976
1781,200000.04526742798
1782,200000.0505384497
1783,200000.04440246202
1784,200000.04907648647
1785,200000.04930035217
1786,200000.04834485875
1787,200000.0513338731
1788,200000.05101185766
1789,200000.05185887328
1790,200000.0521738392
1791,200000.05251614258
1792,200000.0518549582
1793,200000.05674586853
1794,200000.0434277521
1795,200000.03718326264
1796,200000.04440707038
1797,200000.03043255326
1798,200000.033134574
1799,200000.03789708702
1800,200000.03756960286
1801,200000.03844957738
1802,200000.04019957775
1803,200000.0438471005
1804,200000.04423916645
1805,200000.0450791813
1806,200000.04712968308
1807,200000.04889365446
1808,200000.04758465756
1809,200000.0482986714
1810,200000.05132152615
1811,200000.05030951416
1812,200000.04684400206
1813,200000.04552799836
1814,200000.0491574975
1815,200000.04463902715
1816,200000.04852051605
1817,200000.04670048997
1818,200000.0509285183
1819,200000.05060650286
1820,200000.05282549144
1821,200000.0503685267
1822,200000.053196512
1823,200000.04737495302
1824,200000.04926196518
1825,200000.04722644654
1826,200000.04964829565
1827,200000.05131030778
1828,200000.05704630777
1829,200000.0586605115
1830,200000.0566006136
1831,200000.03825351893
1832,200000.0448907628
1833,200000.03922525732
1834,200000.0371198359
1835,200000.03916583853
1836,200000.04025333875
1837,200000.0426953436
1838,200000.04269684508
1839,200000.04365234458
1840,200000.0432143379
1841,200000.0449198375
1842,200000.04548785606
1843,200000.04248802937
1844,200000.04469555613
1845,200000.04806157254
1846,200000.0486775639
1847,200000.05034329687
1848,200000.05202579242
1849,200000.05052081766
1850,200000.0522782949
1851,200000.05226947425
1852,200000.05724045943
1853,200000.0597724792
1854,200000.05727946086
1855,200000.06235278765
1856,200000.06193981145
1857,200000.06294431008
1858,200000.05811078806
1859,200000.0563902944
1860,200000.05611728405
1861,200000.05925530987
1862,200000.05574528687
1863,200000.0575072138
1864,200000.0480128861
1865,200000.0514009057
1866,200000.04823689125
1867,200000.04031671814
1868,200000.04370550174
1869,200000.0478694919
1870,200000.04775550257
1871,200000.0443932297
1872,200000.04235173145
1873,200000.04590136345
1874,200000.04493836276
1875,200000.0461693689
1876,200000.04741985307
1877,200000.04396156222
1878,200000.0398616682
1879,200000.04007367385
1880,200000.03908093835
1881,200000.03908093835
1882,200000.03908093835
1883,200000.03908093835
1884,200000.03908093835
1885,200000.03908093835
1886,200000.03908093835
1887,200000.03908093835
1888,200000.03905461944
1889,200000.03945671226
1890,200000.0406161878
1891,200000.04063466893
1892,200000.0450611743
1893,200000.04655854742
1894,200000.0474557461
1895,200000.0446209872
1896,200000.046946
1897,200000.05114908773
1898,200000.0526181511
1899,200000.0546552344
1900,200000.05261422432
1901,200000.0484216756
1902,200000.05122321434
1903,200000.05213323043
1904,200000.04799833163
1905,200000.04837633463
1906,200000.0482383463
1907,200000.06092235813
1908,200000.06260238797
1909,200000.06108436993
1910,200000.05522235643
1911,200000.05134637878
1912,200000.05526137276
1913,200000.05192840679
1914,200000.05082897152
1915,200000.0531740038
1916,200000.048762139
1917,200000.03782415274
1918,200000.03642509662
1919,200000.03444465614
1920,200000.0353616204
1921,200000.03438019953
1922,200000.0350616257
1923,200000.0350616257
1924,200000.0350616257
1925,200000.03503532088
1926,200000.0347849722
1927,200000.03446396382
1928,200000.03495764153
1929,200000.03393763403
1930,200000.03191461242
1931,200000.0317146124
1932,200000.03170560361
1933,200000.03002489457
1934,200000.0293840531
1935,200000.0293571618
1936,200000.02907166374
1937,200000.02927328122
1938,200000.03023427987
1939,200000.03092323578
1940,200000.03400998257
1941,200000.0333467483
1942,200000.03023926486
1943,200000.02822174746
1944,200000.02708979262
1945,200000.02615978764
1946,200000.02733979266
1947,200000.02595578367
1948,200000.02388897765
1949,200000.02590647052
1950,200000.0257369698
1951,200000.02345547534
1952,200000.02520456546
1953,200000.02376656476
1954,200000.0216730056
1955,200000.02169394525
1956,200000.02169394525
1957,200000.02166691324
1958,200000.02201391646
1959,200000.021382938
1960,200000.02373093631
1961,200000.024891935
1962,200000.02599948767
1963,200000.0259960462
1964,200000.0279980484
1965,200000.02634004038
1966,200000.0274505081
1967,200000.02937552668
1968,200000.0299605182
1969,200000.03239279048
1970,200000.0298008223
1971,200000.0277422507
1972,200000.0289896284
1973,200000.03087664035
1974,200000.02938861522
1975,200000.0316446214
1976,200000.02461515905
1977,200000.03048015002
1978,200000.03080015737
1979,200000.0297501389
1980,200000.03332765406
1981,200000.03548265318
1982,200000.03737266816
1983,200000.03568224644
1984,200000.034584236
1985,200000.03263423566
1986,200000.03697823052
1987,200000.03962319365
1988,200000.03876913365
1989,200000.0388906425
1990,200000.0409066341
1991,200000.04023961097
1992,200000.03775658438
1993,200000.03456613226
1994,200000.03339614914
1995,200000.02947828354
1996,200000.0384772054
1997,200000.03978921738
1998,200000.03748921692
1999,200000.02927356123
2000,200000.02725756972
2001,200000.0271758004
2002,200000.029980824
2003,200000.028568004
2004,200000.03449800974
2005,200000.03428799994
2006,200000.03603199442
2007,200000.03793772368
2008,200000.03924187974
2009,200000.0417950618
2010,200000.0415470637
2011,200000.04138662174
2012,200000.04466714
2013,200000.03726781634
2014,200000.03702382214
2015,200000.03518383158
2016,200000.03962782654
2017,200000.03947182067
2018,200000.03972782654
2019,200000.041423823
2020,200000.03209941948
2021,200000.03797504772
2022,200000.04032156436
2023,200000.03957456714
2024,200000.03738916066
2025,200000.03866418527
2026,200000.03892916944
2027,200000.03482916253
2028,200000.0252308746
2029,200000.02389356174
2030,200000.02495963103
2031,200000.02401688648
2032,200000.02401688648
2033,200000.02401688648
2034,200000.02398946756
2035,200000.02332397067
2036,200000.0234744511
2037,200000.0212954469
2038,200000.0189084799
2039,200000.01876748254
2040,200000.01777198073
2041,200000.01776828765
2042,200000.01776828765
2043,200000.01773990132
2044,200000.01784640155
2045,200000.01724590102
2046,200000.01779740254
2047,200000.01762090105
2048,200000.01816042428
2049,200000.01791142524
2050,200000.01791542914
2051,200000.01882842972
2052,200000.01934442096
2053,200000.01797242378
2054,200000.02079042944
2055,200000.02075169375
2056,200000.0212346894
2057,200000.02138619087
2058,200000.02125569156
2059,200000.01982468553
2060,200000.01988149548
2061,200000.01548103458
2062,200000.0146995404
2063,200000.01735453322
2064,200000.01936754002
2065,200000.01764554277
2066,200000.01930282134
2067,200000.0182048232
2068,200000.01638880742
2069,200000.0180248183
2070,200000.01541283075
2071,200000.01468033638
2072,200000.01596732985
2073,200000.01817532565
2074,200000.02012347867
2075,200000.02119947973
2076,200000.02077347873
2077,200000.0160374675
2078,200000.0119990314
2079,200000.01300850013
2080,200000.01503050956
2081,200000.0110921687
2082,200000.010194511
2083,200000.010194511
2084,200000.010194511
2085,200000.010194511
2086,200000.0101658625
2087,200000.01051786446
2088,200000.01090086615
2089,200000.01069286445
2090,200000.010853863
2091,200000.01009336495
2092,200000.0103948664
2093,200000.01083986156
2094,200000.0110920218
2095,200000.01106503204
2096,200000.01081102813
2097,200000.01116303005
2098,200000.00946902361
2099,200000.01051802267
2100,200000.01026002705
2101,200000.0105450246
2102,200000.01236202908
2103,200000.01244202178
2104,200000.0115500295
2105,200000.00978202405
2106,200000.01048302508
2107,200000.0112050222
2108,200000.00995129385
2109,200000.01068241723
2110,200000.01112841335
2111,200000.01193241728
2112,200000.01304129872
2113,200000.01269270014
2114,200000.0147135
2115,200000.01556924358
2116,200000.01596000124
2117,200000.01567526563
2118,200000.0171312716
2119,200000.02213384985
2120,200000.02617484154
2121,200000.02696886408
2122,200000.02672887384
2123,200000.02324942226
2124,200000.01564110414
2125,200000.01866612877
2126,200000.0194467486
2127,200000.02134123122
2128,200000.0280867275
2129,200000.0292117277
2130,200000.03067797713
2131,200000.03050534564
2132,200000.02286834194
2133,200000.0276433669
2134,200000.02645876523
2135,200000.02851576012
2136,200000.02811427077
2137,200000.0352542866
2138,200000.03609931847
2139,200000.04313228486
2140,200000.03806883772
2141,200000.02900779474
2142,200000.03493579238
2143,200000.02960870817
2144,200000.03134264395
2145,200000.0370606624
2146,200000.0347686942
2147,200000.03974264523
2148,200000.0255543469
2149,200000.03356455598
2150,200000.03195806767
2151,200000.03542307674
2152,200000.03664107012
2153,200000.0369805599
2154,200000.03360655415
2155,200000.0338060781
2156,200000.03064034902
2157,200000.03067634755
2158,200000.01876845493
2159,200000.01791120044
2160,200000.01926580726
2161,200000.01829760362
2162,200000.01829760362
2163,200000.0182685079
2164,200000.01716750683
2165,200000.0169010029
2166,200000.0170595051
2167,200000.0164110065
2168,200000.01595845053
2169,200000.01595845053
2170,200000.01595845053
2171,200000.0159286345
2172,200000.0161741362
2173,200000.01643721177
2174,200000.01604021466
2175,200000.01696223754
2176,200000.0172772339
2177,200000.01729223027
2178,200000.01678522953
2179,200000.01774969665
2180,200000.01753170346
2181,200000.01718968453
2182,200000.01642219792
2183,200000.01893718226
2184,200000.01739470163
2185,200000.01408979253
2186,200000.0155397926
2187,200000.01589179458
2188,200000.01347995657
2189,200000.01326845144
2190,200000.01543596832
2191,200000.0160834598
2192,200000.01853096974
2193,200000.01823077147
2194,200000.01256233317
2195,200000.0090764994
2196,200000.01295900694
2197,200000.00479251207
2198,200000.00647851065
2199,200000.00597351798
2200,200000.00539279412
2201,200000.00405683226
2202,200000.00402737054
2203,200000.0029408715
2204,200000.00309487543
2205,200000.004580874
2206,200000.002891372
2207,200000.00492537473
2208,200000.00600031126
2209,200000.0091393128
2210,200000.00881453973
2211,200000.01109603397
2212,200000.01102690343
2213,200000.00619803558
2214,200000.00361053552
2215,199999.99799061968
2216,199999.99940762404
2217,199999.99703662793
2218,199999.9956309812
2219,199999.99577847877
2220,199999.9945776261
2221,199999.9945776261
2222,199999.9945776261
2223,199999.99454744556
2224,199999.99453544605
2225,199999.9942499419
2226,199999.99482344041
2227,199999.99517512906
2228,199999.99524613738
2229,199999.99588013394
2230,199999.99602213834
2231,199999.99587913297
2232,199999.99598712858
2233,199999.9960057294
2234,199999.99623072942
2235,199999.99780274477
2236,199999.99734073304
2237,199999.99794523744
2238,199999.99952710242
2239,200000.00067839073
2240,200000.0000527497
2241,200000.00173130777
2242,199999.99959262434
2243,199999.9946505833
2244,199999.99923912078
2245,200000.00193138773
2246,200000.0009673252
2247,200000.00228589593
2248,199999.99475586653
2249,199999.99448027322
2250,199999.97583519857
2251,199999.9790213244
2252,199999.96906127883
2253,199999.9664614964
2254,199999.96474276783
2255,199999.96672013978
2256,199999.9666895275
2257,199999.9671605235
2258,199999.96752424486
2259,199999.96788723307
2260,199999.96785822915
2261,199999.968516355
2262,199999.968516355
2263,199999.968516355
2264,199999.968516355
2265,199999.968516355
2266,199999.9684861492
2267,199999.9693846476
2268,199999.96822014582
2269,199999.9664081527
2270,199999.9672746442
2271,199999.96810214652
2272,199999.9683334152
2273,199999.969509416
2274,199999.9713694133
2275,199999.96869441366
2276,199999.96838141323
2277,199999.96742441875
2278,199999.96429079704
2279,199999.9648572886
2280,199999.96459378768
2281,199999.96597078937
2282,199999.96734028988
2283,199999.96638579175
2284,199999.96766884215
2285,199999.96508284402
2286,199999.9621343389
2287,199999.96256033977
2288,199999.9615098395
2289,199999.96186234182
2290,199999.96229884075
2291,199999.9611756502
2292,199999.9611756502
2293,199999.9611756502
2294,199999.9611756502
2295,199999.9611446468
2296,199999.961111639
2297,199999.96100013997
2298,199999.96164264472
2299,199999.9616106379
2300,199999.96187048647
2301,199999.96170849918
2302,199999.96139648752
2303,199999.96077248862
2304,199999.96206147762
2305,199999.96110049146
2306,199999.96017549164
2307,199999.9604264926
2308,199999.95744849026
2309,199999.958234688
2310,199999.9564711935
2311,199999.95624478892
2312,199999.95624478892
2313,199999.95624478892
2314,199999.95624478892
2315,199999.95624478892
2316,199999.95624478892
2317,199999.95624478892
2318,199999.95621370792
2319,199999.95602969918
2320,199999.9553837032
2321,199999.95386120598
2322,199999.95358563724
2323,199999.95358563724
2324,199999.95358563724
2325,199999.95358563724
2326,199999.95358563724
2327,199999.95358563724
2328,199999.95358563724
2329,199999.95358563724
2330,199999.95358563724
2331,199999.95358563724
2332,199999.95358563724
2333,199999.95355471293
2334,199999.95372522072
2335,199999.95426471034
2336,199999.9541827157
2337,199999.95299221305
2338,199999.95395321134
2339,199999.95379771822
2340,199999.9543312142
2341,199999.95457971268
2342,199999.9547865362
2343,199999.95390953444
2344,199999.9544935431
2345,199999.95370255207
2346,199999.95156854377
2347,199999.95381546326
2348,199999.95409431585
2349,199999.9515604189
2350,199999.9510949161
2351,199999.95148742085
2352,199999.9528924254
2353,199999.95235392457
2354,199999.95204342657
2355,199999.95201141972
2356,199999.95314242534
2357,199999.95319269216
2358,199999.9538396891
2359,199999.9537027018
2360,199999.95350470382
2361,199999.95397039255
2362,199999.95325639125
2363,199999.94994633392
2364,199999.95187433634
2365,199999.95160534227
2366,199999.95026532796
2367,199999.95066821933
2368,199999.9505617252
2369,199999.95078522371
2370,199999.94987372492
2371,199999.94972322448
2372,199999.9490149294
2373,199999.9490149294
2374,199999.9490149294
2375,199999.9490149294
2376,199999.9490149294
2377,199999.9490149294
2378,199999.9490149294
2379,199999.9490149294
2380,199999.9490149294
2381,199999.9490149294
2382,199999.94898370092
2383,199999.94905119357
2384,199999.9482702001
2385,199999.9479566992
2386,199999.9479156958
2387,199999.9456926151
2388,199999.945661984
2389,199999.94494649346
2390,199999.94497848809
2391,199999.94537948896
2392,199999.9447504852
2393,199999.94645301966
2394,199999.9459900193
2395,199999.94345901415
2396,199999.94113002077
2397,199999.94066252824
2398,199999.94070895668
2399,199999.94070895668
2400,199999.94070895668
2401,199999.94067767388
2402,199999.9402241706
2403,199999.93997116774
2404,199999.93937116791
2405,199999.93821537177
2406,199999.93821537177
2407,199999.93821537177
2408,199999.93821537177
2409,199999.93821537177
2410,199999.93821537177
2411,199999.93821537177
2412,199999.93821537177
2413,199999.93821537177
2414,199999.93821537177
2415,199999.93821537177
2416,199999.93821537177
2417,199999.93821537177
2418,199999.93821537177
2419,199999.93818453787
2420,199999.9377461153
2421,199999.9377461153
2422,199999.9377461153
2423,199999.9377461153
2424,199999.937715758
2425,199999.94092804642
2426,199999.94869604945
2427,199999.9512273703
2428,199999.9402629642
2429,199999.93554796316
2430,199999.9354269671
2431,199999.93709596072
2432,199999.9429289667
2433,199999.9394279667
2434,199999.9392009648
2435,199999.9421919673
2436,199999.93737296236
2437,199999.940109961
2438,199999.93905543842
2439,199999.93861743808
2440,199999.93901843892
2441,199999.93776544248
2442,199999.9369044381
2443,199999.93715994337
2444,199999.93876843894
2445,199999.938321442
2446,199999.93953294065
2447,199999.93973193964
2448,199999.94005794052
2449,199999.94010294168
2450,199999.94258143828
2451,199999.94246544098
2452,199999.94066843833
2453,199999.94047894253
2454,199999.93910194098
2455,199999.93731743834
2456,199999.9376739385
2457,199999.93687844314
2458,199999.93599843854
2459,199999.9358952916
2460,199999.9358952916
2461,199999.9358952916
2462,199999.9358952916
2463,199999.9358952916
2464,199999.9358952916
2465,199999.93586495498
2466,199999.93572045432
2467,199999.9351289506
2468,199999.93680745346
2469,199999.93793944776
2470,199999.9377102375
2471,199999.93718123372
2472,199999.93962725345
2473,199999.93953323492
2474,199999.93852825474
2475,199999.9409972481
2476,199999.94154014907
2477,199999.9404181523
2478,199999.94006113338
2479,199999.93995163633
2480,199999.93685865632
2481,199999.93732964003
2482,199999.93629089475
2483,199999.93045443107
2484,199999.9269847121
2485,199999.9299997012
2486,199999.9297247013
2487,199999.93303871385
2488,199999.93280470514
2489,199999.93359769805
2490,199999.93333971474
2491,199999.93359469515
2492,199999.9335677176
2493,199999.9336917166
2494,199999.93272169738
2495,199999.93491266744
2496,199999.9314138925
2497,199999.9284249043
2498,199999.93260096834
2499,199999.93186997494
2500,199999.93119597613
2501,199999.93039747176
2502,199999.93062797093
2503,199999.92860484868
2504,199999.92860484868
2505,199999.92860484868
2506,199999.92860484868
2507,199999.92860484868
2508,199999.92860484868
2509,199999.9285746372
2510,199999.9276532505
2511,199999.9276532505
2512,199999.9276532505
2513,199999.9276532505
2514,199999.9276532505
2515,199999.9276532505
2516,199999.9276532505
2517,199999.9276532505
2518,199999.9276532505
2519,199999.9276233479
2520,199999.92998184924
2521,199999.93100562543
2522,199999.93084162404
2523,199999.92934062358
2524,199999.93418062432
2525,199999.93102463172
2526,199999.93517563125
2527,199999.93504681802
2528,199999.93834681695
2529,199999.9368978123
2530,199999.93121130895
2531,199999.9356843177
2532,199999.93170181164
2533,199999.93480381864
2534,199999.93324231403
2535,199999.92618091326
2536,199999.9262669118
2537,199999.929901908
2538,199999.92895190834
2539,199999.92865991627
2540,199999.93219990525
2541,199999.9348609151
2542,199999.93498391312
2543,199999.93501891065
2544,199999.93726862207
2545,199999.93188496496
2546,199999.92880497331
2547,199999.92568097543
2548,199999.9265507958
2549,199999.92655329214
2550,199999.92516729413
2551,199999.9263787927
2552,199999.9259522914
2553,199999.9248572967
2554,199999.92501031124
2555,199999.92501031124
2556,199999.92501031124
2557,199999.92501031124
2558,199999.92501031124
2559,199999.9249803114
2560,199999.92506881236
2561,199999.92394381276
2562,199999.92444381255
2563,199999.9244593094
2564,199999.92609030852
2565,199999.9259628122
2566,199999.92577731426
2567,199999.92631153768
2568,199999.92764853674
2569,199999.92854754764
2570,199999.9287190335
2571,199999.92844902625
2572,199999.9264855138
2573,199999.9263700109
2574,199999.92653652697
2575,199999.9292305201
2576,199999.93054087134
2577,199999.92969887942
2578,199999.93230688633
2579,199999.9309461962
2580,199999.9256757866
2581,199999.9299737586
2582,199999.92502378477
2583,199999.92616177263
2584,199999.92503977596
2585,199999.9289857706
2586,199999.93312575933
2587,199999.93319778083
2588,199999.9327261566
2589,199999.93680918746
2590,199999.93874717515
2591,199999.93922713105
2592,199999.9359511555
2593,199999.935950269
2594,199999.93462375575
2595,199999.93599222455
2596,199999.93716875557
2597,199999.9294020624
2598,199999.9256929073
2599,199999.93053187034
2600,199999.9250832942
2601,199999.92199028414
2602,199999.921861731
2603,199999.9228382321
2604,199999.9230707393
2605,199999.92692573048
2606,199999.92390559727
2607,199999.92387061194
2608,199999.92212060041
2609,199999.92412559228
2610,199999.92215012584
2611,199999.922171128
2612,199999.92179162987
2613,199999.92240563108
2614,199999.9221916297
2615,199999.92359263013
2616,199999.9243166289
2617,199999.92426373085
2618,199999.9251597266
2619,199999.92491774645
2620,199999.92527476535
2621,199999.92616425475
2622,199999.92524473605
2623,199999.92675564578
2624,199999.9272996397
2625,199999.9286976861
2626,199999.927969659
2627,199999.92408767797
2628,199999.92065488672
2629,199999.92009388842
2630,199999.9194901634
2631,199999.92013916216
2632,199999.9194621605
2633,199999.92066516294
2634,199999.92123015295
2635,199999.92088515798
2636,199999.9236721686
2637,199999.9160204199
2638,199999.9160204199
2639,199999.9160204199
2640,199999.91598971223
2641,199999.91736322743
2642,199999.91774118214
2643,199999.91558119768
2644,199999.91722718946
2645,199999.916861174
2646,199999.92322987234
2647,199999.9250135025
2648,199999.9294759736
2649,199999.92954596295
2650,199999.9340739887
2651,199999.93326998505
2652,199999.93532994532
2653,199999.9340860004
2654,199999.93778199528
2655,199999.93464195717
2656,199999.93858599884
2657,199999.9359659801
2658,199999.9362459605
2659,199999.93520601944
2660,199999.93659801118
2661,199999.93801402632
2662,199999.93691002275
2663,199999.93138600106
2664,199999.93409000404
2665,199999.93427398836
2666,199999.9417220328
2667,199999.94092994317
2668,199999.94126998214
2669,199999.93873822797
2670,199999.94234324395
2671,199999.94173424752
2672,199999.9438053927
2673,199999.9383736127
2674,199999.94040864627
2675,199999.94277679978
2676,199999.94104435397
2677,199999.94033590422
2678,199999.94233843253
2679,199999.9342847078
2680,199999.93232250278
2681,199999.92988986103
2682,199999.93726075688
2683,199999.9344601489
2684,199999.93132634085
2685,199999.9312452182
2686,199999.93580515313
2687,199999.93902328727
2688,199999.93884724972
2689,199999.93617432573
2690,199999.90650461573
2691,199999.91115752026
2692,199999.90792424954
2693,199999.9078304919
2694,199999.9078304919
2695,199999.9078304919
2696,199999.9078304919
2697,199999.9078304919
2698,199999.9078304919
2699,199999.9078304919
2700,199999.9078304919
2701,199999.9078304919
2702,199999.9078304919
2703,199999.9078304919
2704,199999.9078304919
2705,199999.9078304919
2706,199999.9078304919
2707,199999.9078304919
2708,199999.9078304919
2709,199999.9078304919
2710,199999.9078304919
2711,199999.9078304919
2712,199999.9078304919
2713,199999.9078304919
2714,199999.9078304919
2715,199999.9078304919
2716,199999.90779922693
2717,199999.90714422235
2718,199999.9069097254
2719,199999.9070572229
2720,199999.9070662317
2721,199999.90652621034
2722,199999.90649477876
2723,199999.90668127773
2724,199999.90700077216
2725,199999.90733227835
2726,199999.90731401733
2727,199999.9087570098
2728,199999.9101040327
2729,199999.91149603645
2730,199999.91195632974
2731,199999.90027736733
2732,199999.89947336382
2733,199999.8970717373
2734,199999.8968607389
2735,199999.8969805958
2736,199999.8969805958
2737,199999.89694879192
2738,199999.89677629445
2739,199999.8972534318
2740,199999.89673141055
2741,199999.89835941265
2742,199999.898803384
2743,199999.89907038823
2744,199999.90033277313
2745,199999.8980067489
2746,199999.89859473685
2747,199999.89742476676
2748,199999.89587877147
2749,199999.896052746
2750,199999.89860474662
2751,199999.90010874975
2752,199999.90593277029
2753,199999.9068682767
2754,199999.91020329716
2755,199999.90952821076
2756,199999.9139562117
2757,199999.90842423166
2758,199999.91104923046
2759,199999.9098612427
2760,199999.9111666051
2761,199999.91404709697
2762,199999.9120940705
2763,199999.91051925262
2764,199999.91193429104
2765,199999.91447921182
2766,199999.9049667362
2767,199999.9046697759
2768,199999.89994392058
2769,199999.9075113385
2770,199999.91203330908
2771,199999.91142080934
2772,199999.91418103152
2773,199999.91094900164
2774,199999.91091631266
2775,199999.91316336975
2776,199999.91145532604
2777,199999.9128925619
2778,199999.9101598842
2779,199999.91155988356
2780,199999.90868990193
2781,199999.91132422863
2782,199999.9094911972
2783,199999.91395223033
2784,199999.91940925893
2785,199999.91878472746
2786,199999.9179887317
2787,199999.91247271834
2788,199999.91166080462
2789,199999.91193277718
2790,199999.9124527965
2791,199999.91908072325
2792,199999.9171367787
2793,199999.91734478646
2794,199999.91798072367
2795,199999.9232607996
2796,199999.92655279054
2797,199999.9313794672
2798,199999.9355112493
2799,199999.94192970425
2800,199999.94081318847
2801,199999.942946644
2802,199999.95147862396
2803,199999.94994273566
2804,199999.95053672965
2805,199999.9526547467
2806,199999.95410069363
2807,199999.95043463004
2808,199999.96975874706
2809,199999.9627387286
2810,199999.96333882614
2811,199999.95943379757
2812,199999.95597371526
2813,199999.95326875983
2814,199999.95421382796
2815,199999.95807881732
2816,199999.95848001906
2817,199999.95403535475
2818,199999.96394038174
2819,199999.96200031863
2820,199999.96043537752
2821,199999.9580453633
2822,199999.94318663003
2823,199999.94451560915
2824,199999.94373515272
2825,199999.94324015774
2826,199999.94260926885
2827,199999.94600526398
2828,199999.94651722672
2829,199999.9479032615
2830,199999.9468352442
2831,199999.94605926782
2832,199999.9463232326
2833,199999.94484771133
2834,199999.945528717
2835,199999.94523622445
2836,199999.94547920534
2837,199999.94497222308
2838,199999.9436112595
2839,199999.9420132619
2840,199999.94401926716
2841,199999.94333726054
2842,199999.94290187702
2843,199999.94378538505
2844,199999.94342787785
2845,199999.94466713406
2846,199999.94611315415
2847,199999.94596326406
2848,199999.9461612743
2849,199999.94544192226
2850,199999.9462679474
2851,199999.946835916
2852,199999.94619402706
2853,199999.94654156113
2854,199999.94891607956
2855,199999.94894752486
2856,199999.94808653876
2857,199999.94903502482
2858,199999.9472185458
2859,199999.94597953247
2860,199999.94997658947
2861,199999.94939903836
2862,199999.93399079866
2863,199999.93526063225
2864,199999.9368616327
2865,199999.93809063625
2866,199999.93853062633
2867,199999.9390935793
2868,199999.9406956052
2869,199999.94080810517
2870,199999.94037158188
2871,199999.94017098442
2872,199999.94382298528
2873,199999.94559059606
2874,199999.9448481036
2875,199999.94315559918
2876,199999.94410805253
2877,199999.94423625123
2878,199999.94359592785
2879,199999.94272858975
2880,199999.94601665036
2881,199999.9452875978
2882,199999.94364960998
2883,199999.94385659235
2884,199999.94994960818
2885,199999.94498625962
2886,199999.94463127927
2887,199999.94435375248
2888,199999.94530376443
2889,199999.94546187855
2890,199999.9415238425
2891,199999.94575144607
2892,199999.94260294837
2893,199999.9431252083
2894,199999.9436166377
2895,199999.9443226434
2896,199999.93973053936
2897,199999.9420450284
2898,199999.94234825406
2899,199999.94215826388
2900,199999.94389582795
2901,199999.94458283947
2902,199999.9462988302
2903,199999.9462447198
2904,199999.94653876268
2905,199999.94914801783
2906,199999.9490529861
2907,199999.94882550812
2908,199999.94813327747
2909,199999.95029926812
2910,199999.95050932668
2911,199999.94978628
2912,199999.94879033297
2913,199999.94825031847
2914,199999.9500653326
2915,199999.95043132373
2916,199999.94880827726
2917,199999.9502093267
2918,199999.95143327658
2919,199999.94963627995
2920,199999.9493663093
2921,199999.9385201482
2922,199999.93898666417
2923,199999.94266466596
2924,199999.94248016895
2925,199999.94300516878
2926,199999.9372215556
2927,199999.9369985576
2928,199999.93710527726
2929,199999.93710527726
2930,199999.93710527726
2931,199999.93710527726
2932,199999.93710527726
2933,199999.93710527726
2934,199999.93710527726
2935,199999.93710527726
2936,199999.93707056076
2937,199999.937315568
2938,199999.93638057073
2939,199999.93676506763
2940,199999.93674307058
2941,199999.93655956234
2942,199999.9378935707
2943,199999.93827709943
2944,199999.93846611306
2945,199999.93819111315
2946,199999.93861709707
2947,199999.9391631174
2948,199999.93958008508
2949,199999.93981859816
2950,199999.93867261463
2951,199999.93891559553
2952,199999.938081587
2953,199999.93807364497
2954,199999.94011363457
2955,199999.9407176383
2956,199999.94254245394
2957,199999.94498245564
2958,199999.94620606233
2959,199999.94759264504
2960,199999.9547576822
2961,199999.95331670082
2962,199999.95055664287
2963,199999.95410258925
2964,199999.9568626472
2965,199999.95427661258
2966,199999.95562060643
2967,199999.95830258826
2968,199999.95929912335
2969,199999.96053405962
2970,199999.96100887464
2971,199999.9708055181
2972,199999.9636445328
2973,199999.9665494639
2974,199999.958092336
2975,199999.96069233544
2976,199999.97715684358
2977,199999.9713888511
2978,199999.97308980298
2979,199999.97595987096
2980,199999.97630286406
2981,199999.98189585656
2982,199999.9841987128
2983,199999.98385571968
2984,199999.9864737126
2985,199999.97964187711
2986,199999.97801782942
2987,199999.97979585655
2988,199999.9756168775
2989,199999.9655705863
2990,199999.97811073659
2991,199999.974680051
2992,199999.97612463715
2993,199999.9845337142
2994,199999.98365623623
2995,199999.9860231415
2996,199999.98552314154
2997,199999.99829692882
2998,199999.997860442
2999,200000.00753994632
3000,200000.0051278979
3001,200000.00384049027
3002,199999.99886925798
3003,199999.998734236
3004,200000.0021673486
3005,200000.00942735845
3006,200000.0136723538
3007,200000.01573241252
3008,200000.0151024076
3009,200000.00968236322
3010,200000.02158238823
3011,200000.02872041415
3012,200000.02480993993
3013,200000.023810953
3014,200000.026204984
3015,200000.0256514927
3016,200000.0256514927
3017,200000.0256514927
3018,200000.0256514927
3019,200000.0256514927
3020,200000.0256514927
3021,200000.0256514927
3022,200000.0256514927
3023,200000.0256514927
3024,200000.0256514927
3025,200000.0256514927
3026,200000.02561401037
3027,200000.02658051442
3028,200000.0275145111
3029,200000.0270235076
3030,200000.02833051461
3031,200000.02810401312
3032,200000.0287175142
3033,200000.02985101048
3034,200000.0301590061
3035,200000.0300795139
3036,200000.03016501197
3037,200000.0318460181
3038,200000.03087901356
3039,200000.02932400847
3040,200000.02939301482
3041,200000.02930151092
3042,200000.0263090056
3043,200000.0206495078
3044,200000.02292255417
3045,200000.02292255417
3046,200000.02292255417
3047,200000.02288635867
3048,200000.0210638609
3049,200000.02071686383
3050,200000.01893236657
3051,200000.01726655097
3052,200000.01726655097
3053,200000.01726655097
3054,200000.01726655097
3055,200000.01726655097
3056,200000.01726655097
3057,200000.01726655097
3058,200000.01726655097
3059,200000.01726655097
3060,200000.01726655097
3061,200000.01726655097
3062,200000.01726655097
3063,200000.01726655097
3064,200000.01726655097
3065,200000.01726655097
3066,200000.01726655097
3067,200000.01726655097
3068,200000.01726655097
3069,200000.01726655097
3070,200000.01726655097
3071,200000.01726655097
3072,200000.01726655097
3073,200000.01726655097
3074,200000.01726655097
3075,200000.01726655097
3076,200000.01723066837
3077,200000.0137161661
3078,200000.01601266288
3079,200000.01639366877
3080,200000.01460016277
3081,200000.0175496747
3082,200000.01592117114
3083,200000.0144091715
3084,200000.01350166413
3085,200000.0164201702
3086,200000.0159856731
3087,200000.01380016265
3088,200000.01453417153
3089,200000.013444169
3090,200000.01382866607
3091,200000.01275166404
3092,200000.01128710984
3093,200000.01128710984
3094,200000.01128710984
3095,200000.01128710984
3096,200000.01128710984
3097,200000.01128710984
3098,200000.01128710984
3099,200000.01128710984
3100,200000.01128710984
3101,200000.01128710984
3102,200000.01128710984
3103,200000.01128710984
3104,200000.01128710984
3105,200000.01128710984
3106,200000.01128710984
3107,200000.01128710984
3108,200000.01128710984
3109,200000.01128710984
3110,200000.01128710984
3111,200000.01128710984
3112,200000.01128710984
3113,200000.0112498852
3114,200000.01113338128
3115,200000.01077538566
3116,200000.01177738764
3117,200000.01134888417
3118,200000.01179138912
3119,200000.01147761
3120,200000.0108346168
3121,200000.00765072095
3122,200000.0093582161
3123,200000.00842121657
3124,200000.00988872148
3125,200000.01050122155
3126,200000.01056023012
3127,200000.01291523516
3128,200000.01271723708
3129,200000.01354543807
3130,200000.0139909337
3131,200000.01471844836
3132,200000.01303541602
3133,200000.0140266073
3134,200000.0134605916
3135,200000.0122786091
3136,200000.01000900066
3137,200000.01068082458
3138,200000.0071313151
3139,200000.0078992961
3140,200000.002190653
3141,200000.00278965203
3142,200000.0004096381
3143,200000.00124364687
3144,200000.00130946608
3145,200000.00130946608
3146,200000.00130946608
3147,200000.00130946608
3148,200000.0012718679
3149,200000.00248936057
3150,200000.00297286888
3151,200000.00198186547
3152,200000.00315738356
3153,200000.00345938548
3154,200000.00313338847
3155,200000.00480140612
3156,200000.00567376017
3157,200000.00344773472
3158,200000.0029157523
3159,200000.00394573275
3160,200000.0066297172
3161,200000.01176375055
3162,200000.01003772506
3163,200000.00631375023
3164,200000.003069756
3165,200000.00580774434
3166,200000.00518362437
3167,200000.0072626039
3168,200000.0091937195
3169,200000.01120368057
3170,200000.0128136904
3171,200000.0126636904
3172,200000.01176264414
3173,200000.0056342963
3174,200000.00279677185
3175,200000.00730427922
3176,200000.0018686344
3177,200000.0063325993
3178,200000.00822058762
3179,200000.00960462086
3180,200000.01074797375
3181,200000.0104630006
3182,200000.00925297855
3183,200000.013680469
3184,200000.0191540142
3185,200000.019388023
3186,200000.02430488894
3187,200000.01978633372
3188,200000.01992288156
3189,200000.01824286432
3190,200000.0153620225
3191,200000.01219700763
3192,200000.01028597233
3193,200000.01192095777
3194,200000.0151489609
3195,200000.0154579697
3196,200000.01999693117
3197,200000.0202769483
3198,200000.01457508362
3199,200000.0192280869
3200,200000.02032005475
3201,200000.0271600701
3202,200000.02683604663
3203,200000.02374610482
3204,200000.0226030871
3205,200000.0197260604
3206,200000.0221350694
3207,200000.0220899237
3208,200000.02576421582
3209,200000.02530015327
3210,200000.0261321846
3211,200000.0164941902
3212,200000.01164332236
3213,200000.01131944387
3214,200000.01050147507
3215,199999.99141801562
3216,199999.9913807319
3217,199999.9894427437
3218,199999.99022222796
3219,199999.98427114077
3220,199999.9843066388
3221,199999.98632813522
3222,199999.98637813522
3223,199999.98693558373
3224,199999.98845457775
3225,199999.99691356163
3226,199999.99196656462
3227,199999.99665457712
3228,199999.99839857125
3229,199999.994260583
3230,199999.99134957234
3231,199999.98848655977
3232,199999.99018033495
3233,199999.989417835
3234,199999.9885608404
3235,199999.9856388435
3236,199999.9859918342
3237,199999.98728283754
3238,199999.99002233933
3239,199999.9902243413
3240,199999.99125433393
3241,199999.98982334032
3242,199999.98951983693
3243,199999.9917968388
3244,199999.99423884304
3245,199999.99383684114
3246,199999.99470533474
3247,199999.99266084016
3248,199999.99222484167
3249,199999.98914383593
3250,199999.9894433354
3251,199999.9883248418
3252,199999.98677692842
3253,199999.98677692842
3254,199999.98673996894
3255,199999.98988346237
3256,199999.98965146777
3257,199999.98969846484
3258,199999.98898396295
3259,199999.9890104644
3260,199999.99153996864
3261,199999.99424046904
3262,199999.9941940089
3263,199999.99811400392
3264,200000.0020680078
3265,200000.00714798833
3266,200000.0136664795
3267,199999.9961418233
3268,199999.99402881064
3269,199999.9943378194
3270,199999.99222680874
3271,199999.9919088156
3272,199999.998122829
3273,199999.98968250482
3274,199999.98879500484
3275,199999.98755900637
3276,199999.98703150396
3277,199999.98644750743
3278,199999.98646650158
3279,199999.98714899665
3280,199999.98576449967
3281,199999.98543833624
3282,199999.98543833624
3283,199999.98543833624
3284,199999.98543833624
3285,199999.98543833624
3286,199999.98543833624
3287,199999.98543833624
3288,199999.98543833624
3289,199999.98543833624
3290,199999.98543833624
3291,199999.98543833624
3292,199999.98543833624
3293,199999.98543833624
3294,199999.98540095924
3295,199999.98509646708
3296,199999.98381846424
3297,199999.98390995595
3298,199999.98400596427
3299,199999.98571501343
3300,199999.98654501824
3301,199999.98581501338
3302,199999.98880202486
3303,199999.98921801604
3304,199999.98967416314
3305,199999.9881634042
3306,199999.9916834851
3307,199999.99254353144
3308,199999.9919909802
3309,199999.99161097535
3310,199999.9896385023
3311,199999.99443848984
3312,199999.99171851922
3313,199999.99092848017
3314,199999.9863407781
3315,199999.9818367745
3316,199999.98066480196
3317,199999.98871079728
3318,199999.9903547913
3319,199999.9942347716
3320,199999.99374678338
3321,199999.99654678328
3322,199999.99860044604
3323,199999.99846965208
3324,199999.99596762576
3325,200000.00516259627
3326,199999.9888356051
3327,199999.9883276508
3328,199999.99130444406
3329,199999.9886484217
3330,199999.99015889523
3331,199999.99300288927
3332,199999.99792139497
3333,199999.9978902299
3334,199999.9991222123
3335,200000.00032021035
3336,200000.0029902299
3337,200000.00355727802
3338,199999.99916476087
3339,200000.00166726325
3340,200000.00169479012
3341,200000.00646725108
3342,200000.0060097926
3343,200000.00637978766
3344,200000.00472726076
3345,200000.00587228034
3346,200000.0066072657
3347,200000.01303475615
3348,200000.01142727316
3349,200000.01111799196
3350,200000.01523098044
3351,200000.01617602448
3352,200000.0170160392
3353,200000.01038600935
3354,200000.00848384577
3355,200000.01551381432
3356,200000.0122213336
3357,200000.00007751185
3358,199999.99915148647
3359,199999.99741149624
3360,199999.99950866855
3361,199999.9890029634
3362,199999.99012995308
3363,199999.99095745548
3364,199999.9922254608
3365,199999.99138595886
3366,199999.99038255416
3367,199999.99038255416
3368,199999.99038255416
3369,199999.99038255416
3370,199999.99038255416
3371,199999.99034453026
3372,199999.99131302387
3373,199999.9910210195
3374,199999.99286102186
3375,199999.9932040827
3376,199999.98728404337
3377,199999.9861400493
3378,199999.98527304496
3379,199999.9837805402
3380,199999.98307217835
3381,199999.98307217835
3382,199999.98307217835
3383,199999.98307217835
3384,199999.98307217835
3385,199999.98303328163
3386,199999.98443728543
3387,199999.98487278342
3388,199999.9862587818
3389,199999.9860727833
3390,199999.98577783667
3391,199999.98298081537
3392,199999.98258169228
3393,199999.98258169228
3394,199999.98258169228
3395,199999.98258169228
3396,199999.98258169228
3397,199999.9825417341
3398,199999.9822712263
3399,199999.9815482283
3400,199999.98173222487
3401,199999.98240423412
3402,199999.98274622625
3403,199999.98343923158
3404,199999.98346573304
3405,199999.9829527326
3406,199999.98197172684
3407,199999.98250623606
3408,199999.98158123615
3409,199999.9820022322
3410,199999.98302422918
3411,199999.9837287335
3412,199999.98293422675
3413,199999.98404373592
3414,199999.9837992291
3415,199999.98340972717
3416,199999.98176972487
3417,199999.9804287338
3418,199999.97935323342
3419,199999.97494928353
3420,199999.97494928353
3421,199999.97491044374
3422,199999.97220493868
3423,199999.97317694782
3424,199999.97497444515
3425,199999.97279343955
3426,199999.97707943752
3427,199999.97672943753
3428,199999.97467544608
3429,199999.97292694775
3430,199999.97408394224
3431,199999.9728879463
3432,199999.9729619453
3433,199999.976753937
3434,199999.9751904484
3435,199999.97565144688
3436,199999.97471244552
3437,199999.97284119314
3438,199999.97284119314
3439,199999.97284119314
3440,199999.97284119314
3441,199999.97284119314
3442,199999.97284119314
3443,199999.97284119314
3444,199999.97284119314
3445,199999.97284119314
3446,199999.97284119314
3447,199999.97284119314
3448,199999.97280121353
3449,199999.97318821299
3450,199999.97323971445
3451,199999.9732427174
3452,199999.97250671894
3453,199999.972492217
3454,199999.9712332206
3455,199999.97214672144
3456,199999.97178422147
3457,199999.97099271766
3458,199999.97174021514
3459,199999.9699157159
3460,199999.96724484555
3461,199999.96724484555
3462,199999.96724484555
3463,199999.96724484555
3464,199999.96724484555
3465,199999.96720565157
3466,199999.96626915268
3467,199999.96462244343
3468,199999.96462244343
3469,199999.96462244343
3470,199999.96462244343
3471,199999.96458246393
3472,199999.96399496403
3473,199999.96502096482
3474,199999.9644844659
3475,199999.96491096728
3476,199999.9651994682
3477,199999.96581246858
3478,199999.96665596208
3479,199999.96648909172
3480,199999.96747710428
3481,199999.96655610832
3482,199999.9694910932
3483,199999.9706271038
3484,199999.97026211358
3485,199999.97047810478
3486,199999.9712772431
3487,199999.97246226494
3488,199999.97155175483
3489,199999.97227626646
3490,199999.97260625905
3491,199999.9729947356
3492,199999.97648683764
3493,199999.97687935468
3494,199999.97637562855
3495,199999.97285963775
3496,199999.97130159062
3497,199999.97400159025
3498,199999.98334153043
3499,199999.98609358096
3500,199999.99133752592
3501,199999.9862361554
3502,199999.9739955791
3503,199999.96572751374
3504,199999.97351040822
3505,199999.97514488065
3506,199999.98511287256
3507,199999.98163038993
3508,199999.98042641053
3509,199999.9836148624
3510,199999.99304392657
3511,199999.99312441974
3512,200000.00105188528
3513,200000.0014264092
3514,200000.00094336475
3515,200000.00592394342
3516,200000.01147139232
3517,200000.01244790605
3518,200000.0122273616
3519,200000.01801287223
3520,200000.01805140983
3521,200000.0114959161
3522,200000.01481741286
3523,200000.02429193747
3524,200000.0162419365
3525,200000.02019995012
3526,200000.01746992054
3527,200000.0222309561
3528,200000.0287259275
3529,200000.02592097106
3530,200000.0327549075
3531,200000.0312609131
3532,200000.0331029544
3533,200000.04135896164
3534,200000.04515868382
3535,200000.04206815577
3536,200000.0424041422
3537,200000.04373065612
3538,200000.03320612988
3539,200000.01501965983
3540,200000.02475993038
3541,200000.02404990833
3542,200000.02661491107
3543,200000.0119954256
3544,200000.01550541117
3545,200000.02276296075
3546,200000.02647294654
3547,200000.02753849767
3548,200000.02482798704
3549,200000.02848500654
3550,200000.0293339935
3551,200000.03258898665
3552,200000.03176248504
3553,200000.03269548077
3554,200000.03121499956
3555,200000.03359397943
3556,200000.0316559908
3557,200000.0263339929
3558,200000.00947045677
3559,200000.0045451779
3560,200000.0045451779
3561,200000.0045451779
3562,200000.00450563568
3563,199999.99770513503
3564,200000.00204812817
3565,199999.9957106281
3566,200000.00101963678
3567,200000.00359812798
3568,200000.01488863112
3569,200000.00810513453
3570,200000.01514763967
3571,200000.02818464016
3572,200000.0166656322
3573,200000.03291014038
3574,200000.0257571363
3575,200000.03231162933
3576,200000.0317471395
3577,200000.03697063887
3578,200000.04034664048
3579,200000.02985012956
3580,200000.02843863034
3581,200000.02067682808
3582,200000.02067682808
3583,200000.02067682808
3584,200000.02067682808
3585,200000.02067682808
3586,200000.02067682808
3587,200000.02067682808
3588,200000.02067682808
3589,200000.02067682808
3590,200000.02067682808
3591,200000.02067682808
3592,200000.02067682808
3593,200000.02067682808
3594,200000.02067682808
3595,200000.02067682808
3596,200000.02067682808
3597,200000.02067682808
3598,200000.02067682808
3599,200000.02067682808
3600,200000.02067682808
3601,200000.02067682808
3602,200000.02067682808
3603,200000.02067682808
3604,200000.02067682808
3605,200000.02067682808
3606,200000.02067682808
3607,200000.02067682808
3608,200000.02067682808
3609,200000.02067682808
3610,200000.02067682808
3611,200000.02067682808
3612,200000.02067682808
3613,200000.02067682808
3614,200000.02067682808
3615,200000.02067682808
3616,200000.02067682808
3617,200000.02067682808
3618,200000.02067682808
3619,200000.02067682808
3620,200000.02067682808
3621,200000.02067682808
3622,200000.02063691037
3623,200000.02285490374
3624,200000.0225349086
3625,200000.02326391262
3626,200000.02383490876
3627,200000.0250894133
3628,200000.02719191601
3629,200000.02666591495
3630,200000.03070296787
3631,200000.03454896453
3632,200000.032027968
3633,200000.03032396382
3634,200000.0114799605
3635,200000.01344045866
3636,200000.01470446022
3637,200000.01761195558
3638,200000.01704945555
3639,200000.01714196042
3640,200000.01626195546
3641,200000.0172679614
3642,200000.01793945805
3643,200000.01389145962
3644,200000.01556295634
3645,200000.011827458
3646,200000.0140369552
3647,200000.01638945783
3648,200000.0171679613
3649,200000.01787545648
3650,200000.02036095475
3651,200000.01864095943
3652,200000.01987195323
3653,200000.0189774585
3654,200000.0206269582
3655,200000.01913595464
3656,200000.0212509573
3657,200000.02270295937
3658,200000.0221534598
3659,200000.02261145547
3660,200000.02396696096
3661,200000.02423995905
3662,200000.0251759577
3663,200000.0231579521
3664,200000.0221564505
3665,200000.0233454521
3666,200000.02225476905
3667,200000.0262547695
3668,200000.02503277225
3669,200000.02752278722
3670,200000.02987178657
3671,200000.03106177697
3672,200000.03318777826
3673,200000.03532676786
3674,200000.0355387796
3675,200000.03641416924
3676,200000.03239716412
3677,200000.03935238518
3678,200000.0379683517
3679,200000.0378523849
3680,200000.03968036379
3681,200000.04123837192
3682,200000.03825238498
3683,200000.0403843678
3684,200000.04271434876
3685,200000.04953837366
3686,200000.05200639187
3687,200000.05902836632
3688,200000.06014753482
3689,200000.06601252683
3690,200000.0640875384
3691,200000.07067250146
3692,200000.0841742442
3693,200000.05897367714
3694,200000.05475866125
3695,200000.04044735795
3696,200000.04715934664
3697,200000.0411389514
3698,200000.04122795287
3699,200000.04335645674
3700,200000.0442394525
3701,200000.0434539543
3702,200000.042029955
3703,200000.04015295266
3704,200000.03818964606
3705,200000.03818964606
3706,200000.03818964606
3707,200000.03818964606
3708,200000.03818964606
3709,200000.03818964606
3710,200000.03818964606
3711,200000.03818964606
3712,200000.03818964606
3713,200000.03818964606
3714,200000.03818964606
3715,200000.03818964606
3716,200000.03818964606
3717,200000.03818964606
3718,200000.03818964606
3719,200000.03814430383
3720,200000.03702980166
3721,200000.03586680096
3722,200000.0356003092
3723,200000.03562380772
3724,200000.03277930038
3725,200000.03358931027
3726,200000.03321130725
3727,200000.03410780395
3728,200000.03470279917
3729,200000.0314818025
3730,200000.03096730047
3731,200000.02494209408
3732,200000.02494209408
3733,200000.02494209408
3734,200000.02494209408
3735,200000.02494209408
3736,200000.02494209408
3737,200000.02494209408
3738,200000.02494209408
3739,200000.02494209408
3740,200000.02489663876
3741,200000.02625313308
3742,200000.02447063773
3743,200000.02687763268
3744,200000.02896563345
3745,200000.0280966392
3746,200000.02600963938
3747,200000.0267136434
3748,200000.02549713934
3749,200000.0264996419
3750,200000.0293906335
3751,200000.029102633
3752,200000.0295376428
3753,200000.02870163196
3754,200000.0307426357
3755,200000.03107063865
3756,200000.03095613667
3757,200000.03257614427
3758,200000.0321712168
3759,200000.03320022087
3760,200000.03021049904
3761,200000.02992781947
3762,200000.0294638057
3763,200000.0278668084
3764,200000.03257982177
3765,200000.03323480234
3766,200000.03536580855
3767,200000.03401170735
3768,200000.03183820847
3769,200000.0306892215
3770,200000.0311017215
3771,200000.03305922914
3772,200000.03790423725
3773,200000.03665622676
3774,200000.0373589065
3775,200000.04216491326
