Datetime,Open,High,Low,Close,Volume,Dividends,Stock Splits
2024-09-30 09:30:00+08:00,21175.41015625,21293.279296875,20938.740234375,20955.80078125,0,0.0,0.0
2024-09-30 09:45:00+08:00,20958.4609375,21004.419921875,20789.9296875,20936.6796875,0,0.0,0.0
2024-09-30 10:00:00+08:00,20933.640625,21024.220703125,20921.91015625,20930.060546875,0,0.0,0.0
2024-09-30 10:15:00+08:00,20931.9609375,20982.4296875,20904.009765625,20965.83984375,0,0.0,0.0
2024-09-30 10:30:00+08:00,20962.369140625,20977.5,20862.689453125,20866.470703125,0,0.0,0.0
2024-09-30 10:45:00+08:00,20864.369140625,20987.0390625,20854.419921875,20968.029296875,0,0.0,0.0
2024-09-30 11:00:00+08:00,20969.740234375,21074.7109375,20969.740234375,21074.169921875,0,0.0,0.0
2024-09-30 11:15:00+08:00,21072.369140625,21234.369140625,21072.369140625,21234.369140625,0,0.0,0.0
2024-09-30 11:30:00+08:00,21233.880859375,21272.150390625,21180.779296875,21223.890625,0,0.0,0.0
2024-09-30 11:45:00+08:00,21225.970703125,21331.439453125,21213.4609375,21318.58984375,0,0.0,0.0
2024-09-30 12:00:00+08:00,21321.970703125,21321.970703125,21321.970703125,21321.970703125,0,0.0,0.0
2024-09-30 13:00:00+08:00,21331.6796875,21393.26953125,21182.51953125,21182.51953125,0,0.0,0.0
2024-09-30 13:15:00+08:00,21178.689453125,21360.44921875,21178.689453125,21355.529296875,0,0.0,0.0
2024-09-30 13:30:00+08:00,21354.33984375,21423.5703125,21352.19921875,21419.130859375,0,0.0,0.0
2024-09-30 13:45:00+08:00,21420.080078125,21459.650390625,21410.98046875,21447.380859375,0,0.0,0.0
2024-09-30 14:00:00+08:00,21447.490234375,21488.75,21408.640625,21488.75,0,0.0,0.0
2024-09-30 14:15:00+08:00,21485.099609375,21485.099609375,21160.259765625,21207.390625,0,0.0,0.0
2024-09-30 14:30:00+08:00,21201.150390625,21319.75,21193.109375,21308.220703125,0,0.0,0.0
2024-09-30 14:45:00+08:00,21308.5703125,21362.509765625,21288.05078125,21333.109375,0,0.0,0.0
2024-09-30 15:00:00+08:00,21331.380859375,21331.380859375,21255.759765625,21292.189453125,0,0.0,0.0
2024-09-30 15:15:00+08:00,21293.099609375,21293.099609375,21167.640625,21174.5390625,0,0.0,0.0
2024-09-30 15:30:00+08:00,21174.689453125,21176.119140625,21022.810546875,21112.609375,0,0.0,0.0
2024-09-30 15:45:00+08:00,21112.3203125,21179.310546875,21100.740234375,21155.439453125,0,0.0,0.0
2024-09-30 16:00:00+08:00,21154.939453125,21154.939453125,21133.6796875,21133.6796875,0,0.0,0.0
2024-10-02 09:30:00+08:00,21289.599609375,21680.619140625,21289.599609375,21595.189453125,0,0.0,0.0
2024-10-02 09:45:00+08:00,21594.609375,21839.48046875,21594.609375,21770.48046875,0,0.0,0.0
2024-10-02 10:00:00+08:00,21771.2109375,21900.859375,21748.05078125,21779.83984375,0,0.0,0.0
2024-10-02 10:15:00+08:00,21783.599609375,22075.890625,21783.599609375,22071.23046875,0,0.0,0.0
2024-10-02 10:30:00+08:00,22074.779296875,22144.240234375,22007.76953125,22007.76953125,0,0.0,0.0
2024-10-02 10:45:00+08:00,22002.4609375,22161.05078125,22002.4609375,22144.91015625,0,0.0,0.0
2024-10-02 11:00:00+08:00,22142.099609375,22406.1796875,22137.48046875,22400.650390625,0,0.0,0.0
2024-10-02 11:15:00+08:00,22400.4296875,22446.58984375,22309.060546875,22390.75,0,0.0,0.0
2024-10-02 11:30:00+08:00,22394.240234375,22640.509765625,22367.390625,22490.029296875,0,0.0,0.0
2024-10-02 11:45:00+08:00,22492.26953125,22510.060546875,22328.0703125,22400.400390625,0,0.0,0.0
2024-10-02 12:00:00+08:00,22401.740234375,22401.740234375,22401.740234375,22401.740234375,0,0.0,0.0
2024-10-02 13:00:00+08:00,22373.4609375,22576.349609375,22373.4609375,22566.4609375,0,0.0,0.0
2024-10-02 13:15:00+08:00,22558.619140625,22667.740234375,22441.55078125,22490.259765625,0,0.0,0.0
2024-10-02 13:30:00+08:00,22493.44921875,22541.080078125,22068.099609375,22163.150390625,0,0.0,0.0
2024-10-02 13:45:00+08:00,22167.939453125,22236.970703125,21957.98046875,22184.91015625,0,0.0,0.0
2024-10-02 14:00:00+08:00,22185.5390625,22281.490234375,22068.26953125,22273.1796875,0,0.0,0.0
2024-10-02 14:15:00+08:00,22271.0703125,22413.220703125,22207.240234375,22397.76953125,0,0.0,0.0
2024-10-02 14:30:00+08:00,22397.16015625,22482.169921875,22292.259765625,22374.279296875,0,0.0,0.0
2024-10-02 14:45:00+08:00,22375.580078125,22477.01953125,22340.08984375,22429.51953125,0,0.0,0.0
2024-10-02 15:00:00+08:00,22427.91015625,22441.919921875,22239.83984375,22286.560546875,0,0.0,0.0
2024-10-02 15:15:00+08:00,22281.859375,22363.5390625,22270.740234375,22309.109375,0,0.0,0.0
2024-10-02 15:30:00+08:00,22302.939453125,22390.080078125,22238.359375,22390.080078125,0,0.0,0.0
2024-10-02 15:45:00+08:00,22383.05078125,22475.650390625,22383.05078125,22471.26953125,0,0.0,0.0
2024-10-02 16:00:00+08:00,22472.169921875,22472.169921875,22443.73046875,22443.73046875,0,0.0,0.0
2024-10-03 09:30:00+08:00,22484.0390625,22484.0390625,21867.41015625,21956.1796875,0,0.0,0.0
2024-10-03 09:45:00+08:00,21952.19921875,22077.2109375,21829.83984375,22068.26953125,0,0.0,0.0
2024-10-03 10:00:00+08:00,22064.41015625,22064.41015625,21750.650390625,21767.900390625,0,0.0,0.0
2024-10-03 10:15:00+08:00,21777.80078125,21789.9609375,21681.76953125,21769.919921875,0,0.0,0.0
2024-10-03 10:30:00+08:00,21774.26953125,21806.439453125,21667.900390625,21706.490234375,0,0.0,0.0
2024-10-03 10:45:00+08:00,21707.26953125,21761.130859375,21574.0703125,21582.509765625,0,0.0,0.0
2024-10-03 11:00:00+08:00,21597.080078125,21601.51953125,21500.73046875,21530.9609375,0,0.0,0.0
2024-10-03 11:15:00+08:00,21533.48046875,21548.599609375,21442.25,21541.029296875,0,0.0,0.0
2024-10-03 11:30:00+08:00,21549.44921875,21663.439453125,21546.23046875,21648.279296875,0,0.0,0.0
2024-10-03 11:45:00+08:00,21658.23046875,21796.349609375,21648.2109375,21746.390625,0,0.0,0.0
2024-10-03 12:00:00+08:00,21743.1796875,21743.1796875,21743.1796875,21743.1796875,0,0.0,0.0
2024-10-03 13:00:00+08:00,21751.01953125,21979.5390625,21737.0703125,21941.80078125,0,0.0,0.0
2024-10-03 13:15:00+08:00,21948.130859375,22057.810546875,21937.1796875,22057.810546875,0,0.0,0.0
2024-10-03 13:30:00+08:00,22061.48046875,22241.029296875,22015.5,22114.720703125,0,0.0,0.0
2024-10-03 13:45:00+08:00,22116.380859375,22143.9296875,22021.640625,22143.9296875,0,0.0,0.0
2024-10-03 14:00:00+08:00,22141.1796875,22266.630859375,22084.8203125,22212.009765625,0,0.0,0.0
2024-10-03 14:15:00+08:00,22216.220703125,22216.220703125,22124.619140625,22186.5,0,0.0,0.0
2024-10-03 14:30:00+08:00,22194.640625,22246.349609375,22162.740234375,22245.990234375,0,0.0,0.0
2024-10-03 14:45:00+08:00,22249.419921875,22298.599609375,22190.16015625,22298.599609375,0,0.0,0.0
2024-10-03 15:00:00+08:00,22303.240234375,22442.919921875,22266.41015625,22346.140625,0,0.0,0.0
2024-10-03 15:15:00+08:00,22355.650390625,22355.650390625,22140.169921875,22140.169921875,0,0.0,0.0
2024-10-03 15:30:00+08:00,22148.6796875,22194.859375,22081.310546875,22150.94921875,0,0.0,0.0
2024-10-03 15:45:00+08:00,22152.80078125,22157.0703125,22107.490234375,22132.779296875,0,0.0,0.0
2024-10-03 16:00:00+08:00,22127.720703125,22127.720703125,22113.509765625,22113.509765625,0,0.0,0.0
2024-10-04 09:30:00+08:00,22015.080078125,22242.779296875,21824.6796875,22237.419921875,0,0.0,0.0
2024-10-04 09:45:00+08:00,22237.26953125,22308.76953125,22116.279296875,22287.9609375,0,0.0,0.0
2024-10-04 10:00:00+08:00,22301.240234375,22301.619140625,22141.83984375,22268.029296875,0,0.0,0.0
2024-10-04 10:15:00+08:00,22271.66015625,22524.44921875,22259.369140625,22524.44921875,0,0.0,0.0
2024-10-04 10:30:00+08:00,22530.26953125,22631.890625,22467.029296875,22544.75,0,0.0,0.0
2024-10-04 10:45:00+08:00,22555.560546875,22608.310546875,22441.7109375,22544.2109375,0,0.0,0.0
2024-10-04 11:00:00+08:00,22549.359375,22650.599609375,22523.279296875,22584.83984375,0,0.0,0.0
2024-10-04 11:15:00+08:00,22594.619140625,22623.6796875,22524.689453125,22546.91015625,0,0.0,0.0
2024-10-04 11:30:00+08:00,22555.4609375,22566.830078125,22347.580078125,22361.19921875,0,0.0,0.0
2024-10-04 11:45:00+08:00,22370.23046875,22501.060546875,22344.080078125,22501.009765625,0,0.0,0.0
2024-10-04 12:00:00+08:00,22509.98046875,22509.98046875,22500.1796875,22500.1796875,0,0.0,0.0
2024-10-04 13:00:00+08:00,22537.859375,22618.880859375,22519.650390625,22548.390625,0,0.0,0.0
2024-10-04 13:15:00+08:00,22563.23046875,22654.9296875,22553.009765625,22608.150390625,0,0.0,0.0
2024-10-04 13:30:00+08:00,22618.259765625,22625.119140625,22506.169921875,22561.189453125,0,0.0,0.0
2024-10-04 13:45:00+08:00,22567.26953125,22578.810546875,22510.44921875,22527.669921875,0,0.0,0.0
2024-10-04 14:00:00+08:00,22544.3203125,22548.9609375,22421.439453125,22542.7109375,0,0.0,0.0
2024-10-04 14:15:00+08:00,22552.859375,22580.19921875,22526.5390625,22527.779296875,0,0.0,0.0
2024-10-04 14:30:00+08:00,22521.16015625,22580.419921875,22489.0703125,22572.58984375,0,0.0,0.0
2024-10-04 14:45:00+08:00,22582.259765625,22594.419921875,22550.279296875,22552.0703125,0,0.0,0.0
2024-10-04 15:00:00+08:00,22563.119140625,22660.330078125,22548.779296875,22643.169921875,0,0.0,0.0
2024-10-04 15:15:00+08:00,22642.439453125,22650.51953125,22615.169921875,22650.51953125,0,0.0,0.0
2024-10-04 15:30:00+08:00,22658.390625,22688.869140625,22605.23046875,22683.76953125,0,0.0,0.0
2024-10-04 15:45:00+08:00,22693.7109375,22742.359375,22667.30078125,22730.759765625,0,0.0,0.0
2024-10-04 16:00:00+08:00,22741.3203125,22741.3203125,22736.869140625,22736.869140625,0,0.0,0.0
2024-10-07 09:30:00+08:00,22948.349609375,23241.740234375,22924.380859375,22946.7890625,0,0.0,0.0
2024-10-07 09:45:00+08:00,22942.76953125,22979.419921875,22719.91015625,22900.08984375,0,0.0,0.0
2024-10-07 10:00:00+08:00,22906.380859375,23075.009765625,22861.470703125,22907.609375,0,0.0,0.0
2024-10-07 10:15:00+08:00,22906.259765625,22944.41015625,22818.240234375,22865.01953125,0,0.0,0.0
2024-10-07 10:30:00+08:00,22870.640625,22977.580078125,22810.560546875,22854.9609375,0,0.0,0.0
2024-10-07 10:45:00+08:00,22869.130859375,22919.44921875,22785.58984375,22917.44921875,0,0.0,0.0
2024-10-07 11:00:00+08:00,22919.529296875,23022.060546875,22915.349609375,23000.6796875,0,0.0,0.0
2024-10-07 11:15:00+08:00,23009.30078125,23072.400390625,22968.380859375,22996.01953125,0,0.0,0.0
2024-10-07 11:30:00+08:00,23002.69921875,23019.140625,22941.380859375,23001.5,0,0.0,0.0
2024-10-07 11:45:00+08:00,23009.0,23014.4609375,22946.44921875,23001.2890625,0,0.0,0.0
2024-10-07 12:00:00+08:00,22997.259765625,22997.259765625,22997.259765625,22997.259765625,0,0.0,0.0
2024-10-07 13:00:00+08:00,22995.970703125,23090.9296875,22995.970703125,23045.69921875,0,0.0,0.0
2024-10-07 13:15:00+08:00,23057.900390625,23066.6796875,23008.490234375,23013.16015625,0,0.0,0.0
2024-10-07 13:30:00+08:00,23020.859375,23032.279296875,22970.369140625,23022.30078125,0,0.0,0.0
2024-10-07 13:45:00+08:00,23033.279296875,23033.279296875,22950.759765625,23011.169921875,0,0.0,0.0
2024-10-07 14:00:00+08:00,23021.890625,23025.419921875,22974.029296875,23002.390625,0,0.0,0.0
2024-10-07 14:15:00+08:00,23011.73046875,23011.73046875,22963.189453125,22965.41015625,0,0.0,0.0
2024-10-07 14:30:00+08:00,22981.41015625,23046.359375,22966.890625,23044.380859375,0,0.0,0.0
2024-10-07 14:45:00+08:00,23058.8203125,23135.419921875,23050.41015625,23071.19921875,0,0.0,0.0
2024-10-07 15:00:00+08:00,23084.669921875,23084.669921875,22982.619140625,22990.98046875,0,0.0,0.0
2024-10-07 15:15:00+08:00,23003.0,23036.240234375,22976.099609375,23028.009765625,0,0.0,0.0
2024-10-07 15:30:00+08:00,23041.240234375,23052.880859375,23011.330078125,23029.390625,0,0.0,0.0
2024-10-07 15:45:00+08:00,23015.2890625,23106.470703125,23015.2890625,23102.689453125,0,0.0,0.0
2024-10-07 16:00:00+08:00,23106.330078125,23106.330078125,23099.779296875,23099.779296875,0,0.0,0.0
2024-10-08 09:30:00+08:00,22849.23046875,22902.359375,22087.73046875,22183.990234375,0,0.0,0.0
2024-10-08 09:45:00+08:00,22181.609375,22316.5,22002.169921875,22118.359375,0,0.0,0.0
2024-10-08 10:00:00+08:00,22116.73046875,22169.1796875,21535.859375,21536.259765625,0,0.0,0.0
2024-10-08 10:15:00+08:00,21544.75,21847.25,21508.240234375,21508.240234375,0,0.0,0.0
2024-10-08 10:30:00+08:00,21506.630859375,21555.2890625,20762.8203125,21501.349609375,0,0.0,0.0
2024-10-08 10:45:00+08:00,21494.83984375,21616.26953125,21303.080078125,21381.720703125,0,0.0,0.0
2024-10-08 11:00:00+08:00,21392.609375,21840.080078125,21392.609375,21838.830078125,0,0.0,0.0
2024-10-08 11:15:00+08:00,21829.779296875,21905.439453125,21621.119140625,21751.23046875,0,0.0,0.0
2024-10-08 11:30:00+08:00,21757.69921875,21822.669921875,21665.150390625,21706.759765625,0,0.0,0.0
2024-10-08 11:45:00+08:00,21716.1796875,21810.119140625,21668.099609375,21806.08984375,0,0.0,0.0
2024-10-08 12:00:00+08:00,21810.0,21810.0,21810.0,21810.0,0,0.0,0.0
2024-10-08 13:00:00+08:00,21784.599609375,21958.939453125,21549.33984375,21550.859375,0,0.0,0.0
2024-10-08 13:15:00+08:00,21550.08984375,21629.890625,21426.880859375,21525.26953125,0,0.0,0.0
2024-10-08 13:30:00+08:00,21513.83984375,21584.380859375,21271.130859375,21401.16015625,0,0.0,0.0
2024-10-08 13:45:00+08:00,21402.01953125,21422.849609375,21205.83984375,21404.75,0,0.0,0.0
2024-10-08 14:00:00+08:00,21410.970703125,21496.830078125,21282.900390625,21301.279296875,0,0.0,0.0
2024-10-08 14:15:00+08:00,21304.509765625,21422.740234375,21257.390625,21422.740234375,0,0.0,0.0
2024-10-08 14:30:00+08:00,21427.109375,21560.400390625,21414.220703125,21423.240234375,0,0.0,0.0
2024-10-08 14:45:00+08:00,21423.869140625,21528.349609375,21423.869140625,21503.5703125,0,0.0,0.0
2024-10-08 15:00:00+08:00,21501.419921875,21501.419921875,21276.05078125,21295.900390625,0,0.0,0.0
2024-10-08 15:15:00+08:00,21296.25,21309.890625,21088.509765625,21147.73046875,0,0.0,0.0
2024-10-08 15:30:00+08:00,21144.5703125,21232.0390625,21090.44921875,21091.970703125,0,0.0,0.0
2024-10-08 15:45:00+08:00,21090.109375,21111.4296875,20891.98046875,20904.83984375,0,0.0,0.0
2024-10-08 16:00:00+08:00,20914.810546875,20926.7890625,20914.810546875,20926.7890625,0,0.0,0.0
2024-10-09 09:30:00+08:00,21290.0390625,21396.720703125,20998.419921875,21266.58984375,0,0.0,0.0
2024-10-09 09:45:00+08:00,21274.359375,21417.75,21046.140625,21057.859375,0,0.0,0.0
2024-10-09 10:00:00+08:00,21056.76953125,21056.76953125,20678.990234375,20859.55078125,0,0.0,0.0
2024-10-09 10:15:00+08:00,20865.650390625,21010.509765625,20803.109375,20832.099609375,0,0.0,0.0
2024-10-09 10:30:00+08:00,20841.76953125,20904.6796875,20504.75,20686.119140625,0,0.0,0.0
2024-10-09 10:45:00+08:00,20688.83984375,20741.080078125,20493.26953125,20507.130859375,0,0.0,0.0
2024-10-09 11:00:00+08:00,20505.130859375,20584.2109375,20190.529296875,20213.740234375,0,0.0,0.0
2024-10-09 11:15:00+08:00,20214.7890625,20566.73046875,20209.98046875,20566.73046875,0,0.0,0.0
2024-10-09 11:30:00+08:00,20570.76953125,20731.599609375,20482.189453125,20651.7890625,0,0.0,0.0
2024-10-09 11:45:00+08:00,20649.6796875,20712.73046875,20534.130859375,20629.98046875,0,0.0,0.0
2024-10-09 12:00:00+08:00,20635.109375,20635.109375,20635.109375,20635.109375,0,0.0,0.0
2024-10-09 13:00:00+08:00,20682.1796875,21226.69921875,20682.1796875,20926.439453125,0,0.0,0.0
2024-10-09 13:15:00+08:00,20934.0703125,21197.240234375,20907.98046875,21083.880859375,0,0.0,0.0
2024-10-09 13:30:00+08:00,21079.470703125,21347.490234375,21048.359375,21116.189453125,0,0.0,0.0
2024-10-09 13:45:00+08:00,21118.609375,21159.369140625,20940.720703125,20964.91015625,0,0.0,0.0
2024-10-09 14:00:00+08:00,20964.599609375,21074.390625,20895.41015625,20958.669921875,0,0.0,0.0
2024-10-09 14:15:00+08:00,20959.33984375,20987.69921875,20703.970703125,20815.599609375,0,0.0,0.0
2024-10-09 14:30:00+08:00,20817.869140625,20879.970703125,20647.48046875,20650.890625,0,0.0,0.0
2024-10-09 14:45:00+08:00,20648.560546875,20690.19921875,20536.029296875,20552.7109375,0,0.0,0.0
2024-10-09 15:00:00+08:00,20546.859375,20749.9609375,20510.509765625,20571.490234375,0,0.0,0.0
2024-10-09 15:15:00+08:00,20571.5,20652.310546875,20518.349609375,20579.310546875,0,0.0,0.0
2024-10-09 15:30:00+08:00,20569.740234375,20689.01953125,20552.240234375,20653.419921875,0,0.0,0.0
2024-10-09 15:45:00+08:00,20652.330078125,20662.73046875,20547.130859375,20622.01953125,0,0.0,0.0
2024-10-09 16:00:00+08:00,20618.7890625,20637.240234375,20618.7890625,20637.240234375,0,0.0,0.0
2024-10-10 09:30:00+08:00,21046.0,21362.650390625,21046.0,21290.419921875,0,0.0,0.0
2024-10-10 09:45:00+08:00,21280.2890625,21293.609375,21079.26953125,21149.9609375,0,0.0,0.0
2024-10-10 10:00:00+08:00,21136.859375,21288.01953125,21018.669921875,21048.19921875,0,0.0,0.0
2024-10-10 10:15:00+08:00,21049.3203125,21253.80078125,20983.939453125,21249.66015625,0,0.0,0.0
2024-10-10 10:30:00+08:00,21229.73046875,21308.990234375,21196.9296875,21246.94921875,0,0.0,0.0
2024-10-10 10:45:00+08:00,21239.5390625,21378.76953125,21220.16015625,21356.58984375,0,0.0,0.0
2024-10-10 11:00:00+08:00,21340.060546875,21463.130859375,21331.80078125,21436.0,0,0.0,0.0
2024-10-10 11:15:00+08:00,21423.3203125,21516.130859375,21380.19921875,21449.58984375,0,0.0,0.0
2024-10-10 11:30:00+08:00,21445.009765625,21479.900390625,21379.599609375,21467.740234375,0,0.0,0.0
2024-10-10 11:45:00+08:00,21459.9609375,21524.849609375,21443.689453125,21523.140625,0,0.0,0.0
2024-10-10 12:00:00+08:00,21508.369140625,21508.369140625,21508.369140625,21508.369140625,0,0.0,0.0
2024-10-10 13:00:00+08:00,21521.359375,21622.650390625,21426.0390625,21437.439453125,0,0.0,0.0
2024-10-10 13:15:00+08:00,21427.880859375,21522.0,21387.5390625,21476.470703125,0,0.0,0.0
2024-10-10 13:30:00+08:00,21468.1796875,21497.4296875,21385.759765625,21487.189453125,0,0.0,0.0
2024-10-10 13:45:00+08:00,21473.029296875,21497.880859375,21320.189453125,21372.220703125,0,0.0,0.0
2024-10-10 14:00:00+08:00,21360.359375,21403.080078125,21305.4609375,21346.990234375,0,0.0,0.0
2024-10-10 14:15:00+08:00,21330.740234375,21330.939453125,21235.7890625,21256.599609375,0,0.0,0.0
2024-10-10 14:30:00+08:00,21247.490234375,21318.189453125,21191.73046875,21192.669921875,0,0.0,0.0
2024-10-10 14:45:00+08:00,21184.509765625,21277.810546875,21184.509765625,21273.75,0,0.0,0.0
2024-10-10 15:00:00+08:00,21263.880859375,21295.970703125,21147.080078125,21189.19921875,0,0.0,0.0
2024-10-10 15:15:00+08:00,21183.890625,21242.51953125,21183.890625,21234.029296875,0,0.0,0.0
2024-10-10 15:30:00+08:00,21224.51953125,21290.560546875,21224.51953125,21253.119140625,0,0.0,0.0
2024-10-10 15:45:00+08:00,21247.369140625,21284.560546875,21231.529296875,21280.390625,0,0.0,0.0
2024-10-10 16:00:00+08:00,21265.80078125,21265.80078125,21251.98046875,21251.98046875,0,0.0,0.0
2024-10-14 09:30:00+08:00,21228.650390625,21300.26953125,20993.849609375,21205.23046875,0,0.0,0.0
2024-10-14 09:45:00+08:00,21205.810546875,21291.44921875,20873.880859375,20883.380859375,0,0.0,0.0
2024-10-14 10:00:00+08:00,20872.369140625,20901.73046875,20706.83984375,20834.689453125,0,0.0,0.0
2024-10-14 10:15:00+08:00,20834.01953125,20867.900390625,20693.75,20739.369140625,0,0.0,0.0
2024-10-14 10:30:00+08:00,20734.55078125,20857.369140625,20711.2890625,20795.3203125,0,0.0,0.0
2024-10-14 10:45:00+08:00,20782.599609375,20939.16015625,20766.75,20868.259765625,0,0.0,0.0
2024-10-14 11:00:00+08:00,20867.73046875,21055.9609375,20834.76953125,21038.26953125,0,0.0,0.0
2024-10-14 11:15:00+08:00,21039.009765625,21159.099609375,20994.80078125,21151.4609375,0,0.0,0.0
2024-10-14 11:30:00+08:00,21140.6796875,21258.26953125,21094.30078125,21257.220703125,0,0.0,0.0
2024-10-14 11:45:00+08:00,21249.689453125,21249.689453125,21152.5703125,21168.640625,0,0.0,0.0
2024-10-14 12:00:00+08:00,21164.9296875,21164.9296875,21164.9296875,21164.9296875,0,0.0,0.0
2024-10-14 13:00:00+08:00,21148.490234375,21208.939453125,21102.859375,21185.7109375,0,0.0,0.0
2024-10-14 13:15:00+08:00,21174.75,21347.279296875,21174.75,21331.58984375,0,0.0,0.0
2024-10-14 13:30:00+08:00,21329.419921875,21348.859375,21167.4296875,21203.30078125,0,0.0,0.0
2024-10-14 13:45:00+08:00,21206.140625,21228.490234375,21157.7890625,21228.490234375,0,0.0,0.0
2024-10-14 14:00:00+08:00,21214.599609375,21246.2109375,21097.060546875,21125.66015625,0,0.0,0.0
2024-10-14 14:15:00+08:00,21115.580078125,21168.259765625,21109.990234375,21151.9609375,0,0.0,0.0
2024-10-14 14:30:00+08:00,21140.0390625,21178.08984375,21093.51953125,21144.720703125,0,0.0,0.0
2024-10-14 14:45:00+08:00,21134.029296875,21152.359375,21099.91015625,21145.2890625,0,0.0,0.0
2024-10-14 15:00:00+08:00,21141.5,21164.419921875,21039.16015625,21072.439453125,0,0.0,0.0
2024-10-14 15:15:00+08:00,21068.41015625,21128.939453125,21046.990234375,21074.3203125,0,0.0,0.0
2024-10-14 15:30:00+08:00,21069.109375,21095.0,21036.880859375,21083.009765625,0,0.0,0.0
2024-10-14 15:45:00+08:00,21083.0703125,21083.859375,21033.380859375,21075.099609375,0,0.0,0.0
2024-10-14 16:00:00+08:00,21075.41015625,21092.869140625,21075.41015625,21092.869140625,0,0.0,0.0
2024-10-15 09:30:00+08:00,21046.189453125,21086.580078125,20924.73046875,21085.0390625,0,0.0,0.0
2024-10-15 09:45:00+08:00,21084.05078125,21095.009765625,20925.69921875,20969.55078125,0,0.0,0.0
2024-10-15 10:00:00+08:00,20967.0390625,21032.48046875,20906.130859375,20923.69921875,0,0.0,0.0
2024-10-15 10:15:00+08:00,20919.390625,21004.0,20878.48046875,20945.029296875,0,0.0,0.0
2024-10-15 10:30:00+08:00,20931.76953125,20996.9296875,20843.75,20848.130859375,0,0.0,0.0
2024-10-15 10:45:00+08:00,20841.58984375,20863.109375,20789.880859375,20827.44921875,0,0.0,0.0
2024-10-15 11:00:00+08:00,20822.48046875,20865.619140625,20740.58984375,20755.419921875,0,0.0,0.0
2024-10-15 11:15:00+08:00,20751.330078125,20820.580078125,20732.41015625,20820.580078125,0,0.0,0.0
2024-10-15 11:30:00+08:00,20809.3203125,20835.25,20794.01953125,20794.58984375,0,0.0,0.0
2024-10-15 11:45:00+08:00,20798.9609375,20816.76953125,20791.05078125,20809.91015625,0,0.0,0.0
2024-10-15 12:00:00+08:00,20810.109375,20810.109375,20810.109375,20810.109375,0,0.0,0.0
2024-10-15 13:00:00+08:00,20787.7890625,20797.51953125,20716.650390625,20720.740234375,0,0.0,0.0
2024-10-15 13:15:00+08:00,20712.630859375,20717.220703125,20587.099609375,20587.099609375,0,0.0,0.0
2024-10-15 13:30:00+08:00,20585.310546875,20606.58984375,20532.859375,20602.060546875,0,0.0,0.0
2024-10-15 13:45:00+08:00,20600.48046875,20636.609375,20552.4609375,20564.75,0,0.0,0.0
2024-10-15 14:00:00+08:00,20557.26953125,20574.859375,20439.3203125,20457.919921875,0,0.0,0.0
2024-10-15 14:15:00+08:00,20457.720703125,20457.720703125,20306.259765625,20339.0703125,0,0.0,0.0
2024-10-15 14:30:00+08:00,20334.509765625,20400.75,20259.41015625,20275.58984375,0,0.0,0.0
2024-10-15 14:45:00+08:00,20275.76953125,20295.48046875,20219.2109375,20256.779296875,0,0.0,0.0
2024-10-15 15:00:00+08:00,20253.01953125,20325.5390625,20249.630859375,20270.939453125,0,0.0,0.0
2024-10-15 15:15:00+08:00,20262.73046875,20271.08984375,20154.7109375,20166.859375,0,0.0,0.0
2024-10-15 15:30:00+08:00,20159.890625,20248.400390625,20158.55078125,20191.900390625,0,0.0,0.0
2024-10-15 15:45:00+08:00,20185.0390625,20316.58984375,20185.0390625,20301.279296875,0,0.0,0.0
2024-10-15 16:00:00+08:00,20299.599609375,20318.7890625,20299.599609375,20318.7890625,0,0.0,0.0
2024-10-16 09:30:00+08:00,20144.75,20460.939453125,20131.33984375,20428.83984375,0,0.0,0.0
2024-10-16 09:45:00+08:00,20429.130859375,20469.76953125,20357.240234375,20443.109375,0,0.0,0.0
2024-10-16 10:00:00+08:00,20443.5703125,20454.48046875,20233.0390625,20234.8203125,0,0.0,0.0
2024-10-16 10:15:00+08:00,20233.919921875,20249.6796875,20161.369140625,20190.44921875,0,0.0,0.0
2024-10-16 10:30:00+08:00,20187.990234375,20328.3203125,20181.619140625,20272.580078125,0,0.0,0.0
2024-10-16 10:45:00+08:00,20271.779296875,20401.26953125,20271.779296875,20398.05078125,0,0.0,0.0
2024-10-16 11:00:00+08:00,20406.0703125,20526.279296875,20370.33984375,20519.140625,0,0.0,0.0
2024-10-16 11:15:00+08:00,20521.9609375,20524.869140625,20364.75,20368.990234375,0,0.0,0.0
2024-10-16 11:30:00+08:00,20378.720703125,20418.330078125,20371.380859375,20415.669921875,0,0.0,0.0
2024-10-16 11:45:00+08:00,20419.419921875,20504.880859375,20416.169921875,20501.599609375,0,0.0,0.0
2024-10-16 12:00:00+08:00,20501.76953125,20501.76953125,20501.76953125,20501.76953125,0,0.0,0.0
2024-10-16 13:00:00+08:00,20502.3203125,20548.1796875,20434.009765625,20468.189453125,0,0.0,0.0
2024-10-16 13:15:00+08:00,20468.140625,20476.939453125,20383.029296875,20444.7890625,0,0.0,0.0
2024-10-16 13:30:00+08:00,20445.83984375,20447.9296875,20360.919921875,20432.390625,0,0.0,0.0
2024-10-16 13:45:00+08:00,20438.529296875,20466.220703125,20376.51953125,20408.650390625,0,0.0,0.0
2024-10-16 14:00:00+08:00,20412.41015625,20417.75,20292.669921875,20311.5703125,0,0.0,0.0
2024-10-16 14:15:00+08:00,20314.720703125,20348.05078125,20244.359375,20348.05078125,0,0.0,0.0
2024-10-16 14:30:00+08:00,20350.189453125,20396.509765625,20317.5390625,20389.939453125,0,0.0,0.0
2024-10-16 14:45:00+08:00,20396.400390625,20399.48046875,20359.890625,20389.7109375,0,0.0,0.0
2024-10-16 15:00:00+08:00,20396.94921875,20418.19921875,20326.08984375,20418.19921875,0,0.0,0.0
2024-10-16 15:15:00+08:00,20422.900390625,20422.900390625,20383.900390625,20387.1796875,0,0.0,0.0
2024-10-16 15:30:00+08:00,20389.619140625,20390.0703125,20357.080078125,20369.900390625,0,0.0,0.0
2024-10-16 15:45:00+08:00,20381.080078125,20381.080078125,20320.4296875,20323.619140625,0,0.0,0.0
2024-10-16 16:00:00+08:00,20326.9609375,20326.9609375,20286.849609375,20286.849609375,0,0.0,0.0
2024-10-17 09:30:00+08:00,20471.990234375,20718.9609375,20471.990234375,20708.609375,0,0.0,0.0
2024-10-17 09:45:00+08:00,20705.9296875,20713.630859375,20637.619140625,20682.01953125,0,0.0,0.0
2024-10-17 10:00:00+08:00,20681.029296875,20783.349609375,20574.779296875,20577.470703125,0,0.0,0.0
2024-10-17 10:15:00+08:00,20583.390625,20613.279296875,20435.630859375,20461.94921875,0,0.0,0.0
2024-10-17 10:30:00+08:00,20467.859375,20529.5390625,20374.380859375,20420.369140625,0,0.0,0.0
2024-10-17 10:45:00+08:00,20427.599609375,20511.650390625,20417.2109375,20510.0,0,0.0,0.0
2024-10-17 11:00:00+08:00,20511.830078125,20536.560546875,20454.060546875,20454.060546875,0,0.0,0.0
2024-10-17 11:15:00+08:00,20455.3203125,20459.990234375,20397.4296875,20423.060546875,0,0.0,0.0
2024-10-17 11:30:00+08:00,20430.5,20430.5,20352.490234375,20418.900390625,0,0.0,0.0
2024-10-17 11:45:00+08:00,20423.970703125,20453.130859375,20407.2890625,20452.23046875,0,0.0,0.0
2024-10-17 12:00:00+08:00,20452.169921875,20460.859375,20452.169921875,20460.859375,0,0.0,0.0
2024-10-17 13:00:00+08:00,20445.689453125,20467.5703125,20412.640625,20461.490234375,0,0.0,0.0
2024-10-17 13:15:00+08:00,20467.759765625,20476.359375,20410.26953125,20413.5703125,0,0.0,0.0
2024-10-17 13:30:00+08:00,20414.2890625,20430.48046875,20346.4609375,20351.5703125,0,0.0,0.0
2024-10-17 13:45:00+08:00,20360.560546875,20371.490234375,20317.439453125,20353.009765625,0,0.0,0.0
2024-10-17 14:00:00+08:00,20351.609375,20360.16015625,20259.01953125,20259.990234375,0,0.0,0.0
2024-10-17 14:15:00+08:00,20259.25,20270.23046875,20164.529296875,20175.0,0,0.0,0.0
2024-10-17 14:30:00+08:00,20184.05078125,20218.029296875,20174.419921875,20209.400390625,0,0.0,0.0
2024-10-17 14:45:00+08:00,20215.4609375,20215.4609375,20149.740234375,20159.720703125,0,0.0,0.0
2024-10-17 15:00:00+08:00,20170.220703125,20170.220703125,20057.8203125,20072.369140625,0,0.0,0.0
2024-10-17 15:15:00+08:00,20079.5703125,20082.890625,19977.349609375,20032.9296875,0,0.0,0.0
2024-10-17 15:30:00+08:00,20039.029296875,20105.640625,20032.98046875,20059.9296875,0,0.0,0.0
2024-10-17 15:45:00+08:00,20059.619140625,20070.26953125,20026.98046875,20066.58984375,0,0.0,0.0
2024-10-17 16:00:00+08:00,20067.099609375,20079.099609375,20067.099609375,20079.099609375,0,0.0,0.0
2024-10-18 09:30:00+08:00,20106.650390625,20282.2890625,20106.650390625,20226.5703125,0,0.0,0.0
2024-10-18 09:45:00+08:00,20217.33984375,20307.7890625,20183.2109375,20183.2109375,0,0.0,0.0
2024-10-18 10:00:00+08:00,20178.94921875,20269.0,20082.220703125,20094.150390625,0,0.0,0.0
2024-10-18 10:15:00+08:00,20089.849609375,20183.33984375,20058.669921875,20183.33984375,0,0.0,0.0
2024-10-18 10:30:00+08:00,20174.9609375,20438.099609375,20174.9609375,20333.009765625,0,0.0,0.0
2024-10-18 10:45:00+08:00,20322.01953125,20392.2109375,20288.44921875,20321.029296875,0,0.0,0.0
2024-10-18 11:00:00+08:00,20307.140625,20342.2890625,20227.25,20229.470703125,0,0.0,0.0
2024-10-18 11:15:00+08:00,20223.01953125,20285.76953125,20203.380859375,20285.76953125,0,0.0,0.0
2024-10-18 11:30:00+08:00,20273.69921875,20299.01953125,20238.75,20245.9609375,0,0.0,0.0
2024-10-18 11:45:00+08:00,20235.3203125,20245.0390625,20215.869140625,20235.44921875,0,0.0,0.0
2024-10-18 12:00:00+08:00,20229.939453125,20229.939453125,20229.939453125,20229.939453125,0,0.0,0.0
2024-10-18 13:00:00+08:00,20259.94921875,20482.099609375,20259.94921875,20478.830078125,0,0.0,0.0
2024-10-18 13:15:00+08:00,20473.5,20568.8203125,20401.4296875,20469.75,0,0.0,0.0
2024-10-18 13:30:00+08:00,20456.810546875,20541.2109375,20443.169921875,20527.830078125,0,0.0,0.0
2024-10-18 13:45:00+08:00,20521.4296875,20688.189453125,20521.4296875,20672.060546875,0,0.0,0.0
2024-10-18 14:00:00+08:00,20663.08984375,20725.359375,20600.849609375,20689.69921875,0,0.0,0.0
2024-10-18 14:15:00+08:00,20684.470703125,20788.599609375,20684.470703125,20770.779296875,0,0.0,0.0
2024-10-18 14:30:00+08:00,20756.619140625,20952.990234375,20756.619140625,20799.470703125,0,0.0,0.0
2024-10-18 14:45:00+08:00,20785.720703125,20808.4609375,20673.720703125,20719.33984375,0,0.0,0.0
2024-10-18 15:00:00+08:00,20709.900390625,20761.060546875,20635.349609375,20751.759765625,0,0.0,0.0
2024-10-18 15:15:00+08:00,20743.44921875,20793.9296875,20741.560546875,20746.91015625,0,0.0,0.0
2024-10-18 15:30:00+08:00,20741.5,20836.7109375,20726.5390625,20833.009765625,0,0.0,0.0
2024-10-18 15:45:00+08:00,20820.26953125,20831.7109375,20765.4609375,20797.6796875,0,0.0,0.0
2024-10-18 16:00:00+08:00,20787.119140625,20804.109375,20787.119140625,20804.109375,0,0.0,0.0
2024-10-21 09:30:00+08:00,20730.94921875,20845.5703125,20679.16015625,20767.23046875,0,0.0,0.0
2024-10-21 09:45:00+08:00,20768.48046875,20768.48046875,20569.66015625,20576.08984375,0,0.0,0.0
2024-10-21 10:00:00+08:00,20564.75,20739.48046875,20564.75,20723.529296875,0,0.0,0.0
2024-10-21 10:15:00+08:00,20728.669921875,20790.25,20655.640625,20772.810546875,0,0.0,0.0
2024-10-21 10:30:00+08:00,20769.740234375,20787.830078125,20694.0,20694.0,0,0.0,0.0
2024-10-21 10:45:00+08:00,20693.380859375,20704.990234375,20639.2109375,20681.41015625,0,0.0,0.0
2024-10-21 11:00:00+08:00,20682.810546875,20759.490234375,20670.630859375,20730.4609375,0,0.0,0.0
2024-10-21 11:15:00+08:00,20718.740234375,20790.869140625,20708.939453125,20740.099609375,0,0.0,0.0
2024-10-21 11:30:00+08:00,20739.390625,20755.48046875,20714.0,20722.5,0,0.0,0.0
2024-10-21 11:45:00+08:00,20711.400390625,20727.359375,20684.73046875,20689.390625,0,0.0,0.0
2024-10-21 12:00:00+08:00,20689.390625,20689.390625,20689.390625,20689.390625,0,0.0,0.0
2024-10-21 13:00:00+08:00,20664.98046875,20743.23046875,20616.83984375,20628.51953125,0,0.0,0.0
2024-10-21 13:15:00+08:00,20625.0390625,20635.640625,20535.58984375,20549.349609375,0,0.0,0.0
2024-10-21 13:30:00+08:00,20543.80078125,20561.220703125,20500.349609375,20541.580078125,0,0.0,0.0
2024-10-21 13:45:00+08:00,20541.310546875,20548.05078125,20448.48046875,20455.30078125,0,0.0,0.0
2024-10-21 14:00:00+08:00,20441.970703125,20492.939453125,20432.109375,20453.30078125,0,0.0,0.0
2024-10-21 14:15:00+08:00,20446.91015625,20517.599609375,20423.08984375,20512.41015625,0,0.0,0.0
2024-10-21 14:30:00+08:00,20511.630859375,20539.740234375,20492.91015625,20517.529296875,0,0.0,0.0
2024-10-21 14:45:00+08:00,20510.560546875,20510.560546875,20461.08984375,20471.5390625,0,0.0,0.0
2024-10-21 15:00:00+08:00,20461.849609375,20532.849609375,20461.849609375,20496.439453125,0,0.0,0.0
2024-10-21 15:15:00+08:00,20487.23046875,20523.310546875,20471.5390625,20475.55078125,0,0.0,0.0
2024-10-21 15:30:00+08:00,20476.740234375,20499.76953125,20449.76953125,20473.220703125,0,0.0,0.0
2024-10-21 15:45:00+08:00,20468.75,20488.169921875,20466.830078125,20475.490234375,0,0.0,0.0
2024-10-21 16:00:00+08:00,20475.44921875,20478.4609375,20475.44921875,20478.4609375,0,0.0,0.0
2024-10-22 09:30:00+08:00,20433.490234375,20629.48046875,20433.490234375,20622.240234375,0,0.0,0.0
2024-10-22 09:45:00+08:00,20620.400390625,20620.400390625,20512.759765625,20519.0390625,0,0.0,0.0
2024-10-22 10:00:00+08:00,20521.05078125,20604.73046875,20484.8203125,20583.849609375,0,0.0,0.0
2024-10-22 10:15:00+08:00,20581.630859375,20606.220703125,20495.859375,20564.640625,0,0.0,0.0
2024-10-22 10:30:00+08:00,20564.1796875,20590.619140625,20472.9609375,20472.9609375,0,0.0,0.0
2024-10-22 10:45:00+08:00,20460.98046875,20520.880859375,20441.0,20487.060546875,0,0.0,0.0
2024-10-22 11:00:00+08:00,20474.73046875,20552.009765625,20470.69921875,20528.51953125,0,0.0,0.0
2024-10-22 11:15:00+08:00,20515.44921875,20563.51953125,20476.970703125,20560.9609375,0,0.0,0.0
2024-10-22 11:30:00+08:00,20552.240234375,20599.810546875,20552.240234375,20578.140625,0,0.0,0.0
2024-10-22 11:45:00+08:00,20572.890625,20589.740234375,20561.0703125,20584.369140625,0,0.0,0.0
2024-10-22 12:00:00+08:00,20585.509765625,20585.509765625,20585.509765625,20585.509765625,0,0.0,0.0
2024-10-22 13:00:00+08:00,20601.869140625,20614.0,20504.83984375,20509.759765625,0,0.0,0.0
2024-10-22 13:15:00+08:00,20496.779296875,20512.990234375,20476.55078125,20509.130859375,0,0.0,0.0
2024-10-22 13:30:00+08:00,20510.9296875,20543.580078125,20472.779296875,20474.400390625,0,0.0,0.0
2024-10-22 13:45:00+08:00,20474.169921875,20474.169921875,20380.0390625,20451.69921875,0,0.0,0.0
2024-10-22 14:00:00+08:00,20449.0,20480.66015625,20425.310546875,20437.1796875,0,0.0,0.0
2024-10-22 14:15:00+08:00,20429.0,20498.080078125,20428.98046875,20494.560546875,0,0.0,0.0
2024-10-22 14:30:00+08:00,20487.240234375,20501.240234375,20456.580078125,20459.869140625,0,0.0,0.0
2024-10-22 14:45:00+08:00,20448.099609375,20494.140625,20448.099609375,20484.26953125,0,0.0,0.0
2024-10-22 15:00:00+08:00,20471.240234375,20486.4296875,20456.470703125,20486.4296875,0,0.0,0.0
2024-10-22 15:15:00+08:00,20484.0,20518.80078125,20480.51953125,20505.41015625,0,0.0,0.0
2024-10-22 15:30:00+08:00,20506.51953125,20507.30078125,20479.890625,20494.33984375,0,0.0,0.0
2024-10-22 15:45:00+08:00,20486.91015625,20498.220703125,20466.51953125,20476.130859375,0,0.0,0.0
2024-10-22 16:00:00+08:00,20474.830078125,20498.94921875,20474.830078125,20498.94921875,0,0.0,0.0
2024-10-23 09:30:00+08:00,20525.439453125,20599.330078125,20448.83984375,20552.810546875,0,0.0,0.0
2024-10-23 09:45:00+08:00,20553.98046875,20661.009765625,20549.009765625,20650.630859375,0,0.0,0.0
2024-10-23 10:00:00+08:00,20640.669921875,20823.48046875,20638.740234375,20787.41015625,0,0.0,0.0
2024-10-23 10:15:00+08:00,20782.580078125,20857.310546875,20760.099609375,20784.16015625,0,0.0,0.0
2024-10-23 10:30:00+08:00,20775.23046875,20844.919921875,20741.2890625,20753.759765625,0,0.0,0.0
2024-10-23 10:45:00+08:00,20742.55078125,20763.890625,20704.740234375,20730.900390625,0,0.0,0.0
2024-10-23 11:00:00+08:00,20721.759765625,20805.30078125,20719.41015625,20798.650390625,0,0.0,0.0
2024-10-23 11:15:00+08:00,20786.05078125,20833.58984375,20765.150390625,20800.310546875,0,0.0,0.0
2024-10-23 11:30:00+08:00,20788.16015625,20838.19921875,20785.98046875,20813.0390625,0,0.0,0.0
2024-10-23 11:45:00+08:00,20804.150390625,20843.66015625,20804.150390625,20840.150390625,0,0.0,0.0
2024-10-23 12:00:00+08:00,20841.73046875,20841.73046875,20841.73046875,20841.73046875,0,0.0,0.0
2024-10-23 13:00:00+08:00,20847.359375,20942.259765625,20842.83984375,20886.150390625,0,0.0,0.0
2024-10-23 13:15:00+08:00,20879.330078125,20916.970703125,20839.759765625,20844.880859375,0,0.0,0.0
2024-10-23 13:30:00+08:00,20842.41015625,20891.380859375,20804.19921875,20814.5703125,0,0.0,0.0
2024-10-23 13:45:00+08:00,20804.859375,20841.6796875,20797.630859375,20838.169921875,0,0.0,0.0
2024-10-23 14:00:00+08:00,20836.26953125,20836.26953125,20726.619140625,20772.4609375,0,0.0,0.0
2024-10-23 14:15:00+08:00,20760.3203125,20788.650390625,20740.91015625,20776.41015625,0,0.0,0.0
2024-10-23 14:30:00+08:00,20764.439453125,20774.849609375,20689.0,20701.029296875,0,0.0,0.0
2024-10-23 14:45:00+08:00,20692.880859375,20735.259765625,20672.640625,20725.51953125,0,0.0,0.0
2024-10-23 15:00:00+08:00,20716.240234375,20766.2109375,20716.240234375,20766.2109375,0,0.0,0.0
2024-10-23 15:15:00+08:00,20755.009765625,20787.939453125,20754.6796875,20785.689453125,0,0.0,0.0
2024-10-23 15:30:00+08:00,20771.01953125,20794.619140625,20771.01953125,20790.7890625,0,0.0,0.0
2024-10-23 15:45:00+08:00,20778.2890625,20791.8203125,20758.76953125,20768.470703125,0,0.0,0.0
2024-10-23 16:00:00+08:00,20765.140625,20765.140625,20760.150390625,20760.150390625,0,0.0,0.0
2024-10-24 09:30:00+08:00,20576.05078125,20623.619140625,20513.650390625,20557.939453125,0,0.0,0.0
2024-10-24 09:45:00+08:00,20560.41015625,20567.509765625,20474.240234375,20499.4296875,0,0.0,0.0
2024-10-24 10:00:00+08:00,20499.220703125,20553.439453125,20472.91015625,20550.75,0,0.0,0.0
2024-10-24 10:15:00+08:00,20552.759765625,20653.419921875,20527.490234375,20624.33984375,0,0.0,0.0
2024-10-24 10:30:00+08:00,20624.009765625,20648.740234375,20591.990234375,20605.150390625,0,0.0,0.0
2024-10-24 10:45:00+08:00,20602.640625,20648.94921875,20598.580078125,20620.759765625,0,0.0,0.0
2024-10-24 11:00:00+08:00,20621.650390625,20685.4609375,20619.4296875,20626.919921875,0,0.0,0.0
2024-10-24 11:15:00+08:00,20627.779296875,20631.060546875,20593.0703125,20608.130859375,0,0.0,0.0
2024-10-24 11:30:00+08:00,20608.69921875,20608.69921875,20562.080078125,20579.75,0,0.0,0.0
2024-10-24 11:45:00+08:00,20581.2890625,20584.939453125,20539.919921875,20556.4609375,0,0.0,0.0
2024-10-24 12:00:00+08:00,20555.0390625,20555.0390625,20555.0390625,20555.0390625,0,0.0,0.0
2024-10-24 13:00:00+08:00,20563.94921875,20563.94921875,20495.69921875,20506.869140625,0,0.0,0.0
2024-10-24 13:15:00+08:00,20509.25,20524.58984375,20452.7109375,20471.25,0,0.0,0.0
2024-10-24 13:30:00+08:00,20473.150390625,20494.130859375,20459.2890625,20474.720703125,0,0.0,0.0
2024-10-24 13:45:00+08:00,20474.669921875,20496.6796875,20448.4609375,20459.05078125,0,0.0,0.0
2024-10-24 14:00:00+08:00,20460.76953125,20534.55078125,20454.580078125,20531.140625,0,0.0,0.0
2024-10-24 14:15:00+08:00,20533.01953125,20537.2890625,20507.220703125,20511.5390625,0,0.0,0.0
2024-10-24 14:30:00+08:00,20511.19921875,20549.9296875,20503.580078125,20544.69921875,0,0.0,0.0
2024-10-24 14:45:00+08:00,20545.4296875,20547.779296875,20510.359375,20523.259765625,0,0.0,0.0
2024-10-24 15:00:00+08:00,20516.509765625,20517.580078125,20484.869140625,20499.560546875,0,0.0,0.0
2024-10-24 15:15:00+08:00,20500.7109375,20501.9296875,20453.609375,20476.41015625,0,0.0,0.0
2024-10-24 15:30:00+08:00,20479.109375,20525.66015625,20478.1796875,20498.359375,0,0.0,0.0
2024-10-24 15:45:00+08:00,20499.330078125,20502.0703125,20472.529296875,20486.94921875,0,0.0,0.0
2024-10-24 16:00:00+08:00,20489.80078125,20489.80078125,20489.619140625,20489.619140625,0,0.0,0.0
2024-10-25 09:30:00+08:00,20521.94921875,20672.130859375,20521.94921875,20586.109375,0,0.0,0.0
2024-10-25 09:45:00+08:00,20585.689453125,20650.630859375,20560.91015625,20649.869140625,0,0.0,0.0
2024-10-25 10:00:00+08:00,20649.3203125,20662.51953125,20540.150390625,20660.220703125,0,0.0,0.0
2024-10-25 10:15:00+08:00,20660.060546875,20698.349609375,20624.25,20661.5390625,0,0.0,0.0
2024-10-25 10:30:00+08:00,20662.19921875,20667.98046875,20624.9296875,20667.8203125,0,0.0,0.0
2024-10-25 10:45:00+08:00,20666.109375,20746.7109375,20657.849609375,20725.369140625,0,0.0,0.0
2024-10-25 11:00:00+08:00,20724.869140625,20743.640625,20700.369140625,20709.66015625,0,0.0,0.0
2024-10-25 11:15:00+08:00,20709.9296875,20743.919921875,20688.109375,20743.919921875,0,0.0,0.0
2024-10-25 11:30:00+08:00,20740.75,20748.01953125,20726.689453125,20727.8203125,0,0.0,0.0
2024-10-25 11:45:00+08:00,20724.44921875,20726.330078125,20668.259765625,20721.470703125,0,0.0,0.0
2024-10-25 12:00:00+08:00,20720.599609375,20720.599609375,20720.599609375,20720.599609375,0,0.0,0.0
2024-10-25 13:00:00+08:00,20740.349609375,20784.470703125,20734.330078125,20744.630859375,0,0.0,0.0
2024-10-25 13:15:00+08:00,20746.630859375,20748.33984375,20697.880859375,20729.2109375,0,0.0,0.0
2024-10-25 13:30:00+08:00,20726.720703125,20736.080078125,20613.279296875,20652.529296875,0,0.0,0.0
2024-10-25 13:45:00+08:00,20650.220703125,20666.5,20630.939453125,20642.759765625,0,0.0,0.0
2024-10-25 14:00:00+08:00,20642.9609375,20647.919921875,20576.109375,20613.669921875,0,0.0,0.0
2024-10-25 14:15:00+08:00,20612.19921875,20624.80078125,20572.16015625,20589.900390625,0,0.0,0.0
2024-10-25 14:30:00+08:00,20588.7109375,20627.23046875,20581.109375,20596.740234375,0,0.0,0.0
2024-10-25 14:45:00+08:00,20595.58984375,20601.400390625,20570.2890625,20587.98046875,0,0.0,0.0
2024-10-25 15:00:00+08:00,20585.25,20610.419921875,20579.8203125,20592.0390625,0,0.0,0.0
2024-10-25 15:15:00+08:00,20588.05078125,20606.310546875,20585.080078125,20606.310546875,0,0.0,0.0
2024-10-25 15:30:00+08:00,20605.05078125,20622.9609375,20592.599609375,20605.330078125,0,0.0,0.0
2024-10-25 15:45:00+08:00,20607.26953125,20618.4296875,20587.169921875,20609.509765625,0,0.0,0.0
2024-10-25 16:00:00+08:00,20610.44921875,20610.44921875,20590.150390625,20590.150390625,0,0.0,0.0
2024-10-28 09:30:00+08:00,20592.740234375,20629.080078125,20521.58984375,20530.060546875,0,0.0,0.0
2024-10-28 09:45:00+08:00,20527.94921875,20535.41015625,20428.939453125,20533.2109375,0,0.0,0.0
2024-10-28 10:00:00+08:00,20534.720703125,20651.029296875,20528.80078125,20651.029296875,0,0.0,0.0
2024-10-28 10:15:00+08:00,20651.41015625,20657.48046875,20560.2890625,20580.01953125,0,0.0,0.0
2024-10-28 10:30:00+08:00,20579.970703125,20587.130859375,20557.369140625,20562.7109375,0,0.0,0.0
2024-10-28 10:45:00+08:00,20559.23046875,20574.830078125,20537.48046875,20570.759765625,0,0.0,0.0
2024-10-28 11:00:00+08:00,20574.5390625,20579.130859375,20527.609375,20530.55078125,0,0.0,0.0
2024-10-28 11:15:00+08:00,20529.359375,20582.19921875,20528.58984375,20576.0390625,0,0.0,0.0
2024-10-28 11:30:00+08:00,20574.880859375,20583.119140625,20530.279296875,20540.1796875,0,0.0,0.0
2024-10-28 11:45:00+08:00,20542.58984375,20549.98046875,20529.7109375,20544.33984375,0,0.0,0.0
2024-10-28 12:00:00+08:00,20546.240234375,20546.240234375,20546.240234375,20546.240234375,0,0.0,0.0
2024-10-28 13:00:00+08:00,20559.83984375,20581.3203125,20535.349609375,20577.240234375,0,0.0,0.0
2024-10-28 13:15:00+08:00,20577.80078125,20623.44921875,20568.080078125,20618.609375,0,0.0,0.0
2024-10-28 13:30:00+08:00,20618.55078125,20669.41015625,20612.330078125,20641.380859375,0,0.0,0.0
2024-10-28 13:45:00+08:00,20627.369140625,20666.509765625,20627.369140625,20631.560546875,0,0.0,0.0
2024-10-28 14:00:00+08:00,20633.55078125,20648.099609375,20591.359375,20643.16015625,0,0.0,0.0
2024-10-28 14:15:00+08:00,20643.16015625,20653.69921875,20631.140625,20651.650390625,0,0.0,0.0
2024-10-28 14:30:00+08:00,20651.759765625,20651.759765625,20616.349609375,20637.669921875,0,0.0,0.0
2024-10-28 14:45:00+08:00,20637.66015625,20657.310546875,20632.279296875,20653.900390625,0,0.0,0.0
2024-10-28 15:00:00+08:00,20653.609375,20654.41015625,20630.9609375,20637.990234375,0,0.0,0.0
2024-10-28 15:15:00+08:00,20636.669921875,20660.55078125,20628.91015625,20651.23046875,0,0.0,0.0
2024-10-28 15:30:00+08:00,20652.109375,20652.830078125,20617.6796875,20630.740234375,0,0.0,0.0
2024-10-28 15:45:00+08:00,20632.69921875,20649.009765625,20623.009765625,20640.689453125,0,0.0,0.0
2024-10-28 16:00:00+08:00,20642.5703125,20642.5703125,20599.359375,20599.359375,0,0.0,0.0
2024-10-29 09:30:00+08:00,20729.98046875,20890.080078125,20729.98046875,20797.240234375,0,0.0,0.0
2024-10-29 09:45:00+08:00,20794.140625,20814.98046875,20677.7109375,20708.75,0,0.0,0.0
2024-10-29 10:00:00+08:00,20706.91015625,20737.830078125,20681.669921875,20726.919921875,0,0.0,0.0
2024-10-29 10:15:00+08:00,20725.8203125,20834.390625,20716.150390625,20828.2109375,0,0.0,0.0
2024-10-29 10:30:00+08:00,20830.669921875,20858.330078125,20806.19921875,20858.2109375,0,0.0,0.0
2024-10-29 10:45:00+08:00,20860.150390625,20869.33984375,20789.099609375,20792.109375,0,0.0,0.0
2024-10-29 11:00:00+08:00,20791.0703125,20795.0390625,20749.939453125,20754.630859375,0,0.0,0.0
2024-10-29 11:15:00+08:00,20753.890625,20758.669921875,20676.2109375,20691.4609375,0,0.0,0.0
2024-10-29 11:30:00+08:00,20690.5390625,20696.419921875,20620.189453125,20635.609375,0,0.0,0.0
2024-10-29 11:45:00+08:00,20638.029296875,20639.19921875,20570.259765625,20593.33984375,0,0.0,0.0
2024-10-29 12:00:00+08:00,20593.33984375,20593.33984375,20593.33984375,20593.33984375,0,0.0,0.0
2024-10-29 13:00:00+08:00,20598.849609375,20665.5,20563.740234375,20659.609375,0,0.0,0.0
2024-10-29 13:15:00+08:00,20660.66015625,20694.330078125,20655.48046875,20660.720703125,0,0.0,0.0
2024-10-29 13:30:00+08:00,20661.80078125,20740.6796875,20661.560546875,20673.490234375,0,0.0,0.0
2024-10-29 13:45:00+08:00,20674.150390625,20706.080078125,20660.740234375,20686.759765625,0,0.0,0.0
2024-10-29 14:00:00+08:00,20687.2109375,20700.19921875,20662.470703125,20664.830078125,0,0.0,0.0
2024-10-29 14:15:00+08:00,20667.51953125,20706.919921875,20663.83984375,20699.26953125,0,0.0,0.0
2024-10-29 14:30:00+08:00,20700.01953125,20710.759765625,20676.189453125,20678.849609375,0,0.0,0.0
2024-10-29 14:45:00+08:00,20680.130859375,20683.689453125,20637.890625,20655.619140625,0,0.0,0.0
2024-10-29 15:00:00+08:00,20657.650390625,20678.7890625,20645.0703125,20672.900390625,0,0.0,0.0
2024-10-29 15:15:00+08:00,20672.779296875,20684.4296875,20671.720703125,20681.51953125,0,0.0,0.0
2024-10-29 15:30:00+08:00,20679.98046875,20690.58984375,20661.939453125,20664.16015625,0,0.0,0.0
2024-10-29 15:45:00+08:00,20664.150390625,20670.44921875,20649.0390625,20663.609375,0,0.0,0.0
2024-10-29 16:00:00+08:00,20665.240234375,20701.140625,20665.240234375,20701.140625,0,0.0,0.0
2024-10-30 09:30:00+08:00,20586.55078125,20681.51953125,20559.8203125,20569.41015625,0,0.0,0.0
2024-10-30 09:45:00+08:00,20556.9296875,20670.5703125,20500.640625,20618.419921875,0,0.0,0.0
2024-10-30 10:00:00+08:00,20594.390625,20637.7109375,20562.9296875,20565.4296875,0,0.0,0.0
2024-10-30 10:15:00+08:00,20547.44921875,20578.359375,20525.9296875,20527.80078125,0,0.0,0.0
2024-10-30 10:30:00+08:00,20514.3203125,20549.970703125,20492.759765625,20529.390625,0,0.0,0.0
2024-10-30 10:45:00+08:00,20512.880859375,20575.05078125,20499.240234375,20500.900390625,0,0.0,0.0
2024-10-30 11:00:00+08:00,20489.4609375,20528.259765625,20472.580078125,20479.9296875,0,0.0,0.0
2024-10-30 11:15:00+08:00,20466.30078125,20481.189453125,20365.529296875,20373.119140625,0,0.0,0.0
2024-10-30 11:30:00+08:00,20363.869140625,20381.80078125,20319.5390625,20319.5390625,0,0.0,0.0
2024-10-30 11:45:00+08:00,20311.2890625,20370.810546875,20311.2890625,20335.470703125,0,0.0,0.0
2024-10-30 12:00:00+08:00,20312.26953125,20316.23046875,20312.26953125,20316.23046875,0,0.0,0.0
2024-10-30 13:00:00+08:00,20349.01953125,20349.01953125,20270.0703125,20301.4609375,0,0.0,0.0
2024-10-30 13:15:00+08:00,20285.66015625,20342.419921875,20271.970703125,20340.4296875,0,0.0,0.0
2024-10-30 13:30:00+08:00,20322.69921875,20367.16015625,20309.8203125,20325.189453125,0,0.0,0.0
2024-10-30 13:45:00+08:00,20312.009765625,20375.140625,20291.58984375,20343.16015625,0,0.0,0.0
2024-10-30 14:00:00+08:00,20326.16015625,20350.9609375,20296.9296875,20328.669921875,0,0.0,0.0
2024-10-30 14:15:00+08:00,20313.599609375,20387.240234375,20313.599609375,20375.279296875,0,0.0,0.0
2024-10-30 14:30:00+08:00,20363.220703125,20423.880859375,20362.1796875,20405.5390625,0,0.0,0.0
2024-10-30 14:45:00+08:00,20390.720703125,20404.310546875,20358.259765625,20365.419921875,0,0.0,0.0
2024-10-30 15:00:00+08:00,20352.869140625,20381.359375,20339.650390625,20363.490234375,0,0.0,0.0
2024-10-30 15:15:00+08:00,20364.740234375,20381.91015625,20351.310546875,20355.7890625,0,0.0,0.0
2024-10-30 15:30:00+08:00,20344.509765625,20387.650390625,20344.509765625,20354.880859375,0,0.0,0.0
2024-10-30 15:45:00+08:00,20344.4609375,20378.029296875,20340.16015625,20362.779296875,0,0.0,0.0
2024-10-30 16:00:00+08:00,20361.9296875,20380.640625,20361.9296875,20380.640625,0,0.0,0.0
2024-10-31 09:30:00+08:00,20414.19921875,20505.529296875,20414.19921875,20467.140625,0,0.0,0.0
2024-10-31 09:45:00+08:00,20468.08984375,20532.05078125,20410.380859375,20439.3203125,0,0.0,0.0
2024-10-31 10:00:00+08:00,20437.6796875,20552.26953125,20437.6796875,20487.470703125,0,0.0,0.0
2024-10-31 10:15:00+08:00,20487.33984375,20539.640625,20460.9296875,20463.5703125,0,0.0,0.0
2024-10-31 10:30:00+08:00,20463.060546875,20553.30078125,20459.80078125,20516.740234375,0,0.0,0.0
2024-10-31 10:45:00+08:00,20515.630859375,20525.05078125,20450.9609375,20470.25,0,0.0,0.0
2024-10-31 11:00:00+08:00,20470.0390625,20542.51953125,20466.419921875,20539.419921875,0,0.0,0.0
2024-10-31 11:15:00+08:00,20540.080078125,20542.759765625,20451.080078125,20485.240234375,0,0.0,0.0
2024-10-31 11:30:00+08:00,20485.900390625,20501.73046875,20482.75,20495.720703125,0,0.0,0.0
2024-10-31 11:45:00+08:00,20496.330078125,20497.55078125,20468.2109375,20474.830078125,0,0.0,0.0
2024-10-31 12:00:00+08:00,20476.419921875,20476.419921875,20476.419921875,20476.419921875,0,0.0,0.0
2024-10-31 13:00:00+08:00,20465.58984375,20465.58984375,20327.640625,20330.869140625,0,0.0,0.0
2024-10-31 13:15:00+08:00,20330.509765625,20396.099609375,20325.5,20386.69921875,0,0.0,0.0
2024-10-31 13:30:00+08:00,20386.55078125,20410.51953125,20369.919921875,20393.439453125,0,0.0,0.0
2024-10-31 13:45:00+08:00,20392.7890625,20421.4609375,20329.83984375,20414.599609375,0,0.0,0.0
2024-10-31 14:00:00+08:00,20412.5390625,20466.4609375,20400.740234375,20462.3203125,0,0.0,0.0
2024-10-31 14:15:00+08:00,20461.220703125,20465.8203125,20434.580078125,20451.16015625,0,0.0,0.0
2024-10-31 14:30:00+08:00,20449.400390625,20449.75,20392.419921875,20396.69921875,0,0.0,0.0
2024-10-31 14:45:00+08:00,20395.69921875,20410.73046875,20380.900390625,20385.189453125,0,0.0,0.0
2024-10-31 15:00:00+08:00,20384.390625,20407.970703125,20378.220703125,20382.689453125,0,0.0,0.0
2024-10-31 15:15:00+08:00,20381.619140625,20396.2890625,20372.73046875,20386.919921875,0,0.0,0.0
2024-10-31 15:30:00+08:00,20386.01953125,20419.16015625,20384.640625,20407.08984375,0,0.0,0.0
2024-10-31 15:45:00+08:00,20403.650390625,20411.490234375,20359.4609375,20361.44921875,0,0.0,0.0
2024-10-31 16:00:00+08:00,20359.94921875,20359.94921875,20317.330078125,20317.330078125,0,0.0,0.0
2024-11-01 09:30:00+08:00,20427.880859375,20485.01953125,20353.33984375,20377.0,0,0.0,0.0
2024-11-01 09:45:00+08:00,20376.9296875,20535.73046875,20376.9296875,20513.19921875,0,0.0,0.0
2024-11-01 10:00:00+08:00,20517.169921875,20517.169921875,20377.91015625,20391.7109375,0,0.0,0.0
2024-11-01 10:15:00+08:00,20391.9609375,20504.439453125,20391.9609375,20457.26953125,0,0.0,0.0
2024-11-01 10:30:00+08:00,20460.359375,20513.669921875,20411.83984375,20484.140625,0,0.0,0.0
2024-11-01 10:45:00+08:00,20486.880859375,20543.0703125,20451.5703125,20543.0703125,0,0.0,0.0
2024-11-01 11:00:00+08:00,20542.5703125,20544.890625,20479.41015625,20526.869140625,0,0.0,0.0
2024-11-01 11:15:00+08:00,20525.1796875,20533.759765625,20481.7890625,20514.619140625,0,0.0,0.0
2024-11-01 11:30:00+08:00,20515.279296875,20622.08984375,20514.869140625,20620.720703125,0,0.0,0.0
2024-11-01 11:45:00+08:00,20619.25,20649.099609375,20612.2109375,20635.55078125,0,0.0,0.0
2024-11-01 12:00:00+08:00,20635.73046875,20635.73046875,20635.73046875,20635.73046875,0,0.0,0.0
2024-11-01 13:00:00+08:00,20646.849609375,20667.220703125,20534.509765625,20540.189453125,0,0.0,0.0
2024-11-01 13:15:00+08:00,20539.650390625,20544.23046875,20501.98046875,20525.48046875,0,0.0,0.0
2024-11-01 13:30:00+08:00,20527.1796875,20538.990234375,20463.2890625,20463.2890625,0,0.0,0.0
2024-11-01 13:45:00+08:00,20462.30078125,20515.58984375,20457.4296875,20511.470703125,0,0.0,0.0
2024-11-01 14:00:00+08:00,20511.330078125,20518.6796875,20481.880859375,20484.140625,0,0.0,0.0
2024-11-01 14:15:00+08:00,20483.1796875,20519.4609375,20467.5703125,20496.669921875,0,0.0,0.0
2024-11-01 14:30:00+08:00,20497.560546875,20513.0390625,20479.76953125,20484.359375,0,0.0,0.0
2024-11-01 14:45:00+08:00,20480.080078125,20502.33984375,20465.169921875,20470.029296875,0,0.0,0.0
2024-11-01 15:00:00+08:00,20470.5,20488.779296875,20463.890625,20481.30078125,0,0.0,0.0
2024-11-01 15:15:00+08:00,20482.419921875,20503.2890625,20477.9609375,20483.98046875,0,0.0,0.0
2024-11-01 15:30:00+08:00,20485.2109375,20510.1796875,20479.05078125,20504.560546875,0,0.0,0.0
2024-11-01 15:45:00+08:00,20504.990234375,20513.279296875,20499.169921875,20506.33984375,0,0.0,0.0
2024-11-01 16:00:00+08:00,20505.380859375,20506.4296875,20505.380859375,20506.4296875,0,0.0,0.0
2024-11-04 09:30:00+08:00,20584.44921875,20633.580078125,20446.259765625,20566.41015625,0,0.0,0.0
2024-11-04 09:45:00+08:00,20568.66015625,20591.919921875,20524.91015625,20529.689453125,0,0.0,0.0
2024-11-04 10:00:00+08:00,20534.080078125,20602.23046875,20533.98046875,20546.98046875,0,0.0,0.0
2024-11-04 10:15:00+08:00,20535.240234375,20569.060546875,20521.109375,20532.359375,0,0.0,0.0
2024-11-04 10:30:00+08:00,20531.849609375,20545.130859375,20485.0703125,20539.279296875,0,0.0,0.0
2024-11-04 10:45:00+08:00,20537.830078125,20544.970703125,20514.990234375,20532.560546875,0,0.0,0.0
2024-11-04 11:00:00+08:00,20533.640625,20545.6796875,20477.4609375,20537.1796875,0,0.0,0.0
2024-11-04 11:15:00+08:00,20537.140625,20552.470703125,20517.5,20550.830078125,0,0.0,0.0
2024-11-04 11:30:00+08:00,20552.109375,20553.9296875,20524.05078125,20526.25,0,0.0,0.0
2024-11-04 11:45:00+08:00,20529.529296875,20539.33984375,20521.69921875,20527.4609375,0,0.0,0.0
2024-11-04 12:00:00+08:00,20528.119140625,20528.119140625,20528.119140625,20528.119140625,0,0.0,0.0
2024-11-04 13:00:00+08:00,20527.41015625,20541.9296875,20509.240234375,20524.5390625,0,0.0,0.0
2024-11-04 13:15:00+08:00,20526.9609375,20527.240234375,20477.5,20487.55078125,0,0.0,0.0
2024-11-04 13:30:00+08:00,20486.779296875,20529.30078125,20482.529296875,20516.4609375,0,0.0,0.0
2024-11-04 13:45:00+08:00,20517.76953125,20548.9609375,20507.689453125,20547.58984375,0,0.0,0.0
2024-11-04 14:00:00+08:00,20548.140625,20568.669921875,20531.26953125,20546.400390625,0,0.0,0.0
2024-11-04 14:15:00+08:00,20546.119140625,20547.560546875,20516.509765625,20526.109375,0,0.0,0.0
2024-11-04 14:30:00+08:00,20525.689453125,20574.609375,20520.599609375,20568.759765625,0,0.0,0.0
2024-11-04 14:45:00+08:00,20571.109375,20576.73046875,20551.890625,20567.69921875,0,0.0,0.0
2024-11-04 15:00:00+08:00,20564.19921875,20584.849609375,20553.900390625,20554.109375,0,0.0,0.0
2024-11-04 15:15:00+08:00,20555.220703125,20573.9296875,20549.1796875,20566.599609375,0,0.0,0.0
2024-11-04 15:30:00+08:00,20568.05078125,20582.890625,20560.240234375,20561.640625,0,0.0,0.0
2024-11-04 15:45:00+08:00,20563.279296875,20566.779296875,20542.33984375,20554.5703125,0,0.0,0.0
2024-11-04 16:00:00+08:00,20554.08984375,20567.51953125,20554.08984375,20567.51953125,0,0.0,0.0
2024-11-05 09:30:00+08:00,20409.939453125,20552.060546875,20409.939453125,20523.849609375,0,0.0,0.0
2024-11-05 09:45:00+08:00,20525.7890625,20644.8203125,20525.7890625,20598.310546875,0,0.0,0.0
2024-11-05 10:00:00+08:00,20596.650390625,20723.58984375,20588.970703125,20723.58984375,0,0.0,0.0
2024-11-05 10:15:00+08:00,20721.5390625,20790.7109375,20686.7890625,20694.1796875,0,0.0,0.0
2024-11-05 10:30:00+08:00,20695.439453125,20695.740234375,20605.8203125,20644.759765625,0,0.0,0.0
2024-11-05 10:45:00+08:00,20643.419921875,20690.470703125,20632.51953125,20637.1796875,0,0.0,0.0
2024-11-05 11:00:00+08:00,20635.91015625,20737.1796875,20629.970703125,20735.23046875,0,0.0,0.0
2024-11-05 11:15:00+08:00,20737.869140625,20805.91015625,20701.119140625,20800.970703125,0,0.0,0.0
2024-11-05 11:30:00+08:00,20802.099609375,20824.66015625,20781.810546875,20821.220703125,0,0.0,0.0
2024-11-05 11:45:00+08:00,20821.419921875,20836.94921875,20807.08984375,20824.8203125,0,0.0,0.0
2024-11-05 12:00:00+08:00,20823.359375,20823.359375,20823.359375,20823.359375,0,0.0,0.0
2024-11-05 13:00:00+08:00,20849.30078125,20877.599609375,20816.919921875,20855.26953125,0,0.0,0.0
2024-11-05 13:15:00+08:00,20853.5,20894.599609375,20835.919921875,20835.919921875,0,0.0,0.0
2024-11-05 13:30:00+08:00,20835.169921875,20880.2890625,20828.0703125,20867.509765625,0,0.0,0.0
2024-11-05 13:45:00+08:00,20868.0703125,20872.810546875,20828.58984375,20833.150390625,0,0.0,0.0
2024-11-05 14:00:00+08:00,20832.900390625,20860.650390625,20787.8203125,20848.76953125,0,0.0,0.0
2024-11-05 14:15:00+08:00,20848.580078125,20882.810546875,20835.689453125,20866.720703125,0,0.0,0.0
2024-11-05 14:30:00+08:00,20866.359375,20885.369140625,20855.41015625,20858.310546875,0,0.0,0.0
2024-11-05 14:45:00+08:00,20860.390625,20868.880859375,20848.75,20867.849609375,0,0.0,0.0
2024-11-05 15:00:00+08:00,20869.009765625,20967.73046875,20863.55078125,20957.939453125,0,0.0,0.0
2024-11-05 15:15:00+08:00,20957.609375,20986.5390625,20930.779296875,20946.0,0,0.0,0.0
2024-11-05 15:30:00+08:00,20946.580078125,20978.75,20945.83984375,20974.08984375,0,0.0,0.0
2024-11-05 15:45:00+08:00,20971.55078125,20988.0390625,20953.08984375,20984.720703125,0,0.0,0.0
2024-11-05 16:00:00+08:00,20985.80078125,21006.970703125,20985.80078125,21006.970703125,0,0.0,0.0
2024-11-06 09:30:00+08:00,20791.80078125,20808.8203125,20709.98046875,20737.5,0,0.0,0.0
2024-11-06 09:45:00+08:00,20735.830078125,20789.05078125,20714.029296875,20776.630859375,0,0.0,0.0
2024-11-06 10:00:00+08:00,20779.08984375,20859.66015625,20779.08984375,20811.720703125,0,0.0,0.0
2024-11-06 10:15:00+08:00,20810.91015625,20838.130859375,20761.630859375,20767.08984375,0,0.0,0.0
2024-11-06 10:30:00+08:00,20767.4296875,20770.26953125,20678.23046875,20685.650390625,0,0.0,0.0
2024-11-06 10:45:00+08:00,20684.220703125,20689.05078125,20577.33984375,20577.6796875,0,0.0,0.0
2024-11-06 11:00:00+08:00,20573.9609375,20573.9609375,20370.529296875,20381.240234375,0,0.0,0.0
2024-11-06 11:15:00+08:00,20380.23046875,20486.369140625,20377.55078125,20469.4296875,0,0.0,0.0
2024-11-06 11:30:00+08:00,20471.009765625,20538.75,20453.8203125,20533.9609375,0,0.0,0.0
2024-11-06 11:45:00+08:00,20533.150390625,20540.390625,20443.66015625,20459.330078125,0,0.0,0.0
2024-11-06 12:00:00+08:00,20460.140625,20460.140625,20459.259765625,20459.259765625,0,0.0,0.0
2024-11-06 13:00:00+08:00,20430.83984375,20470.990234375,20361.919921875,20469.05078125,0,0.0,0.0
2024-11-06 13:15:00+08:00,20468.119140625,20469.9609375,20408.08984375,20408.08984375,0,0.0,0.0
2024-11-06 13:30:00+08:00,20408.58984375,20490.560546875,20406.619140625,20482.099609375,0,0.0,0.0
2024-11-06 13:45:00+08:00,20481.369140625,20637.8203125,20481.19921875,20602.419921875,0,0.0,0.0
2024-11-06 14:00:00+08:00,20602.26953125,20621.6796875,20569.490234375,20601.94921875,0,0.0,0.0
2024-11-06 14:15:00+08:00,20602.48046875,20624.759765625,20528.859375,20530.30078125,0,0.0,0.0
2024-11-06 14:30:00+08:00,20533.009765625,20534.349609375,20452.26953125,20452.26953125,0,0.0,0.0
2024-11-06 14:45:00+08:00,20450.720703125,20483.05078125,20436.0390625,20472.05078125,0,0.0,0.0
2024-11-06 15:00:00+08:00,20469.73046875,20482.109375,20413.880859375,20435.4609375,0,0.0,0.0
2024-11-06 15:15:00+08:00,20438.25,20456.009765625,20420.810546875,20453.439453125,0,0.0,0.0
2024-11-06 15:30:00+08:00,20455.720703125,20497.25,20443.560546875,20461.41015625,0,0.0,0.0
2024-11-06 15:45:00+08:00,20462.2109375,20535.4609375,20458.509765625,20529.33984375,0,0.0,0.0
2024-11-06 16:00:00+08:00,20525.060546875,20538.380859375,20525.060546875,20538.380859375,0,0.0,0.0
2024-11-07 09:30:00+08:00,20386.359375,20492.44921875,20370.439453125,20454.73046875,0,0.0,0.0
2024-11-07 09:45:00+08:00,20454.630859375,20536.740234375,20449.8203125,20536.740234375,0,0.0,0.0
2024-11-07 10:00:00+08:00,20536.970703125,20822.830078125,20536.970703125,20734.759765625,0,0.0,0.0
2024-11-07 10:15:00+08:00,20733.619140625,20764.330078125,20632.369140625,20638.9296875,0,0.0,0.0
2024-11-07 10:30:00+08:00,20638.490234375,20701.3203125,20615.33984375,20683.9296875,0,0.0,0.0
2024-11-07 10:45:00+08:00,20684.630859375,20739.5,20650.73046875,20734.94921875,0,0.0,0.0
2024-11-07 11:00:00+08:00,20732.939453125,20738.76953125,20664.490234375,20703.390625,0,0.0,0.0
2024-11-07 11:15:00+08:00,20704.109375,20727.05078125,20676.390625,20725.990234375,0,0.0,0.0
2024-11-07 11:30:00+08:00,20726.099609375,20743.599609375,20724.759765625,20737.75,0,0.0,0.0
2024-11-07 11:45:00+08:00,20739.279296875,20778.419921875,20738.380859375,20774.439453125,0,0.0,0.0
2024-11-07 12:00:00+08:00,20776.0,20776.0,20776.0,20776.0,0,0.0,0.0
2024-11-07 13:00:00+08:00,20783.98046875,20828.970703125,20762.890625,20790.390625,0,0.0,0.0
2024-11-07 13:15:00+08:00,20794.359375,20806.220703125,20700.890625,20701.740234375,0,0.0,0.0
2024-11-07 13:30:00+08:00,20703.01953125,20777.23046875,20702.33984375,20777.23046875,0,0.0,0.0
2024-11-07 13:45:00+08:00,20775.990234375,20855.830078125,20775.990234375,20848.30078125,0,0.0,0.0
2024-11-07 14:00:00+08:00,20886.9296875,20903.19921875,20812.3203125,20837.490234375,0,0.0,0.0
2024-11-07 14:15:00+08:00,20837.869140625,20869.810546875,20794.1796875,20849.599609375,0,0.0,0.0
2024-11-07 14:30:00+08:00,20848.779296875,20870.390625,20826.970703125,20869.880859375,0,0.0,0.0
2024-11-07 14:45:00+08:00,20869.599609375,20902.94921875,20867.060546875,20898.990234375,0,0.0,0.0
2024-11-07 15:00:00+08:00,20897.91015625,20975.880859375,20880.76953125,20966.580078125,0,0.0,0.0
2024-11-07 15:15:00+08:00,20964.560546875,20986.310546875,20922.779296875,20922.9609375,0,0.0,0.0
2024-11-07 15:30:00+08:00,20924.359375,20973.4296875,20922.33984375,20954.4296875,0,0.0,0.0
2024-11-07 15:45:00+08:00,20952.560546875,20959.490234375,20921.529296875,20934.220703125,0,0.0,0.0
2024-11-07 16:00:00+08:00,20931.0390625,20953.33984375,20931.0390625,20953.33984375,0,0.0,0.0
2024-11-08 09:30:00+08:00,21199.9609375,21355.439453125,21087.9609375,21120.73046875,0,0.0,0.0
2024-11-08 09:45:00+08:00,21116.390625,21204.689453125,21116.390625,21140.19921875,0,0.0,0.0
2024-11-08 10:00:00+08:00,21131.099609375,21143.220703125,21054.490234375,21054.490234375,0,0.0,0.0
2024-11-08 10:15:00+08:00,21048.060546875,21133.69921875,21048.060546875,21088.0,0,0.0,0.0
2024-11-08 10:30:00+08:00,21076.640625,21100.060546875,20868.189453125,20868.189453125,0,0.0,0.0
2024-11-08 10:45:00+08:00,20859.30078125,20989.189453125,20859.30078125,20964.599609375,0,0.0,0.0
2024-11-08 11:00:00+08:00,20951.470703125,20979.76953125,20897.150390625,20943.8203125,0,0.0,0.0
2024-11-08 11:15:00+08:00,20934.630859375,20941.83984375,20827.009765625,20827.009765625,0,0.0,0.0
2024-11-08 11:30:00+08:00,20820.08984375,20837.80078125,20726.0390625,20757.109375,0,0.0,0.0
2024-11-08 11:45:00+08:00,20750.33984375,20785.359375,20705.119140625,20778.94921875,0,0.0,0.0
2024-11-08 12:00:00+08:00,20772.939453125,20772.939453125,20767.640625,20767.640625,0,0.0,0.0
2024-11-08 13:00:00+08:00,20780.439453125,20824.630859375,20771.619140625,20809.419921875,0,0.0,0.0
2024-11-08 13:15:00+08:00,20803.1796875,20911.779296875,20803.1796875,20886.73046875,0,0.0,0.0
2024-11-08 13:30:00+08:00,20874.240234375,20914.83984375,20866.9296875,20877.220703125,0,0.0,0.0
2024-11-08 13:45:00+08:00,20867.439453125,20896.849609375,20830.169921875,20836.630859375,0,0.0,0.0
2024-11-08 14:00:00+08:00,20824.0,20850.220703125,20802.880859375,20837.08984375,0,0.0,0.0
2024-11-08 14:15:00+08:00,20829.419921875,20836.7890625,20762.0,20803.0703125,0,0.0,0.0
2024-11-08 14:30:00+08:00,20799.330078125,20843.0,20778.76953125,20778.76953125,0,0.0,0.0
2024-11-08 14:45:00+08:00,20769.109375,20810.8203125,20769.109375,20806.580078125,0,0.0,0.0
2024-11-08 15:00:00+08:00,20798.060546875,20834.859375,20774.0390625,20774.0390625,0,0.0,0.0
2024-11-08 15:15:00+08:00,20766.9609375,20782.33984375,20735.009765625,20779.41015625,0,0.0,0.0
2024-11-08 15:30:00+08:00,20771.5,20797.529296875,20759.359375,20793.150390625,0,0.0,0.0
2024-11-08 15:45:00+08:00,20786.48046875,20805.099609375,20771.759765625,20803.119140625,0,0.0,0.0
2024-11-08 16:00:00+08:00,20800.91015625,20800.91015625,20728.189453125,20728.189453125,0,0.0,0.0
2024-11-11 09:30:00+08:00,20258.140625,20384.880859375,20237.1796875,20287.900390625,0,0.0,0.0
2024-11-11 09:45:00+08:00,20291.7890625,20314.689453125,20218.240234375,20225.630859375,0,0.0,0.0
2024-11-11 10:00:00+08:00,20227.970703125,20283.849609375,20202.5390625,20266.380859375,0,0.0,0.0
2024-11-11 10:15:00+08:00,20263.83984375,20267.44921875,20162.509765625,20177.650390625,0,0.0,0.0
2024-11-11 10:30:00+08:00,20177.55078125,20213.220703125,20151.380859375,20187.5703125,0,0.0,0.0
2024-11-11 10:45:00+08:00,20186.2890625,20274.08984375,20186.2890625,20256.900390625,0,0.0,0.0
2024-11-11 11:00:00+08:00,20256.669921875,20299.4609375,20256.669921875,20291.880859375,0,0.0,0.0
2024-11-11 11:15:00+08:00,20294.060546875,20321.150390625,20229.80078125,20319.689453125,0,0.0,0.0
2024-11-11 11:30:00+08:00,20322.779296875,20328.509765625,20282.9296875,20298.359375,0,0.0,0.0
2024-11-11 11:45:00+08:00,20299.51953125,20304.0390625,20270.279296875,20287.970703125,0,0.0,0.0
2024-11-11 12:00:00+08:00,20288.990234375,20288.990234375,20288.990234375,20288.990234375,0,0.0,0.0
2024-11-11 13:00:00+08:00,20301.109375,20391.98046875,20297.380859375,20391.189453125,0,0.0,0.0
2024-11-11 13:15:00+08:00,20391.33984375,20410.98046875,20352.55078125,20397.830078125,0,0.0,0.0
2024-11-11 13:30:00+08:00,20396.7890625,20402.419921875,20314.80078125,20329.619140625,0,0.0,0.0
2024-11-11 13:45:00+08:00,20331.619140625,20379.220703125,20324.900390625,20338.349609375,0,0.0,0.0
2024-11-11 14:00:00+08:00,20334.939453125,20373.060546875,20302.919921875,20359.189453125,0,0.0,0.0
2024-11-11 14:15:00+08:00,20361.55078125,20446.490234375,20357.3203125,20445.970703125,0,0.0,0.0
2024-11-11 14:30:00+08:00,20446.80078125,20505.009765625,20436.740234375,20443.939453125,0,0.0,0.0
2024-11-11 14:45:00+08:00,20443.400390625,20443.619140625,20388.869140625,20403.970703125,0,0.0,0.0
2024-11-11 15:00:00+08:00,20402.83984375,20405.91015625,20352.2109375,20369.259765625,0,0.0,0.0
2024-11-11 15:15:00+08:00,20367.439453125,20388.369140625,20343.23046875,20388.369140625,0,0.0,0.0
2024-11-11 15:30:00+08:00,20390.19921875,20402.4609375,20364.029296875,20369.01953125,0,0.0,0.0
2024-11-11 15:45:00+08:00,20372.310546875,20396.470703125,20361.580078125,20389.8203125,0,0.0,0.0
2024-11-11 16:00:00+08:00,20387.599609375,20426.9296875,20387.599609375,20426.9296875,0,0.0,0.0
2024-11-12 09:30:00+08:00,20334.08984375,20450.140625,20279.73046875,20443.19921875,0,0.0,0.0
2024-11-12 09:45:00+08:00,20452.83984375,20517.240234375,20358.400390625,20385.669921875,0,0.0,0.0
2024-11-12 10:00:00+08:00,20386.279296875,20386.279296875,20299.080078125,20314.55078125,0,0.0,0.0
2024-11-12 10:15:00+08:00,20314.880859375,20355.7890625,20270.830078125,20279.66015625,0,0.0,0.0
2024-11-12 10:30:00+08:00,20277.650390625,20293.5390625,20231.169921875,20241.5703125,0,0.0,0.0
2024-11-12 10:45:00+08:00,20241.30078125,20243.279296875,20181.669921875,20194.720703125,0,0.0,0.0
2024-11-12 11:00:00+08:00,20192.08984375,20224.900390625,20168.630859375,20170.51953125,0,0.0,0.0
2024-11-12 11:15:00+08:00,20172.2890625,20175.19921875,20095.5703125,20146.869140625,0,0.0,0.0
2024-11-12 11:30:00+08:00,20145.900390625,20150.9609375,20100.669921875,20106.98046875,0,0.0,0.0
2024-11-12 11:45:00+08:00,20105.16015625,20110.83984375,20057.330078125,20073.150390625,0,0.0,0.0
2024-11-12 12:00:00+08:00,20073.8203125,20073.8203125,20073.8203125,20073.8203125,0,0.0,0.0
2024-11-12 13:00:00+08:00,20080.359375,20080.359375,19952.41015625,19985.359375,0,0.0,0.0
2024-11-12 13:15:00+08:00,19986.51953125,19992.1796875,19882.400390625,19884.619140625,0,0.0,0.0
2024-11-12 13:30:00+08:00,19886.55078125,19915.720703125,19813.23046875,19813.23046875,0,0.0,0.0
2024-11-12 13:45:00+08:00,19809.619140625,19902.91015625,19809.2890625,19880.08984375,0,0.0,0.0
2024-11-12 14:00:00+08:00,19881.150390625,19881.150390625,19820.76953125,19820.76953125,0,0.0,0.0
2024-11-12 14:15:00+08:00,19804.890625,19840.0703125,19778.51953125,19814.900390625,0,0.0,0.0
2024-11-12 14:30:00+08:00,19814.5703125,19825.970703125,19761.310546875,19764.169921875,0,0.0,0.0
2024-11-12 14:45:00+08:00,19767.529296875,19823.08984375,19763.080078125,19817.2109375,0,0.0,0.0
2024-11-12 15:00:00+08:00,19817.630859375,19860.099609375,19797.359375,19809.419921875,0,0.0,0.0
2024-11-12 15:15:00+08:00,19810.400390625,19831.390625,19787.279296875,19798.2890625,0,0.0,0.0
2024-11-12 15:30:00+08:00,19802.98046875,19822.609375,19785.650390625,19805.869140625,0,0.0,0.0
2024-11-12 15:45:00+08:00,19808.439453125,19840.08984375,19800.23046875,19822.259765625,0,0.0,0.0
2024-11-12 16:00:00+08:00,19825.279296875,19846.880859375,19825.279296875,19846.880859375,0,0.0,0.0
2024-11-13 09:30:00+08:00,19671.919921875,19723.919921875,19608.3203125,19648.30078125,0,0.0,0.0
2024-11-13 09:45:00+08:00,19645.689453125,19727.2890625,19635.189453125,19668.310546875,0,0.0,0.0
2024-11-13 10:00:00+08:00,19668.810546875,19756.529296875,19641.279296875,19742.55078125,0,0.0,0.0
2024-11-13 10:15:00+08:00,19744.8203125,19762.69921875,19646.80078125,19648.330078125,0,0.0,0.0
2024-11-13 10:30:00+08:00,19650.890625,19687.3203125,19608.580078125,19640.939453125,0,0.0,0.0
2024-11-13 10:45:00+08:00,19640.740234375,19720.349609375,19630.75,19717.0703125,0,0.0,0.0
2024-11-13 11:00:00+08:00,19716.669921875,19763.400390625,19714.259765625,19730.900390625,0,0.0,0.0
2024-11-13 11:15:00+08:00,19729.5390625,19750.130859375,19692.630859375,19720.220703125,0,0.0,0.0
2024-11-13 11:30:00+08:00,19720.259765625,19743.169921875,19717.529296875,19725.119140625,0,0.0,0.0
2024-11-13 11:45:00+08:00,19725.259765625,19731.630859375,19698.08984375,19721.73046875,0,0.0,0.0
2024-11-13 12:00:00+08:00,19721.580078125,19721.580078125,19721.580078125,19721.580078125,0,0.0,0.0
2024-11-13 13:00:00+08:00,19715.529296875,19723.140625,19647.279296875,19657.689453125,0,0.0,0.0
2024-11-13 13:15:00+08:00,19656.140625,19662.33984375,19635.0703125,19645.640625,0,0.0,0.0
2024-11-13 13:30:00+08:00,19643.939453125,19687.6796875,19636.099609375,19677.44921875,0,0.0,0.0
2024-11-13 13:45:00+08:00,19675.16015625,19711.439453125,19675.16015625,19708.349609375,0,0.0,0.0
2024-11-13 14:00:00+08:00,19708.560546875,19768.25,19703.0390625,19733.189453125,0,0.0,0.0
2024-11-13 14:15:00+08:00,19733.080078125,19735.830078125,19704.44921875,19712.419921875,0,0.0,0.0
2024-11-13 14:30:00+08:00,19712.359375,19761.810546875,19686.23046875,19759.119140625,0,0.0,0.0
2024-11-13 14:45:00+08:00,19761.55078125,19764.150390625,19720.48046875,19734.439453125,0,0.0,0.0
2024-11-13 15:00:00+08:00,19735.73046875,19761.619140625,19723.5703125,19725.98046875,0,0.0,0.0
2024-11-13 15:15:00+08:00,19723.580078125,19802.560546875,19721.98046875,19793.19921875,0,0.0,0.0
2024-11-13 15:30:00+08:00,19788.740234375,19837.939453125,19756.75,19823.16015625,0,0.0,0.0
2024-11-13 15:45:00+08:00,19820.58984375,19840.279296875,19810.0390625,19826.509765625,0,0.0,0.0
2024-11-13 16:00:00+08:00,19830.330078125,19830.330078125,19823.44921875,19823.44921875,0,0.0,0.0
2024-11-14 09:30:00+08:00,19626.259765625,19822.009765625,19626.259765625,19797.970703125,0,0.0,0.0
2024-11-14 09:45:00+08:00,19798.19921875,19859.169921875,19774.060546875,19787.490234375,0,0.0,0.0
2024-11-14 10:00:00+08:00,19788.560546875,19788.560546875,19660.009765625,19679.30078125,0,0.0,0.0
2024-11-14 10:15:00+08:00,19680.140625,19710.970703125,19644.7890625,19685.759765625,0,0.0,0.0
2024-11-14 10:30:00+08:00,19684.560546875,19732.529296875,19666.619140625,19670.080078125,0,0.0,0.0
2024-11-14 10:45:00+08:00,19671.900390625,19671.900390625,19611.130859375,19640.5703125,0,0.0,0.0
2024-11-14 11:00:00+08:00,19641.939453125,19741.119140625,19636.369140625,19733.66015625,0,0.0,0.0
2024-11-14 11:15:00+08:00,19733.830078125,19736.080078125,19669.869140625,19686.0703125,0,0.0,0.0
2024-11-14 11:30:00+08:00,19686.630859375,19686.630859375,19621.849609375,19622.900390625,0,0.0,0.0
2024-11-14 11:45:00+08:00,19622.890625,19652.69921875,19621.69921875,19650.640625,0,0.0,0.0
2024-11-14 12:00:00+08:00,19649.91015625,19649.91015625,19649.91015625,19649.91015625,0,0.0,0.0
2024-11-14 13:00:00+08:00,19654.7109375,19665.380859375,19514.509765625,19526.2109375,0,0.0,0.0
2024-11-14 13:15:00+08:00,19527.76953125,19575.109375,19523.109375,19553.1796875,0,0.0,0.0
2024-11-14 13:30:00+08:00,19556.310546875,19560.080078125,19526.9609375,19551.880859375,0,0.0,0.0
2024-11-14 13:45:00+08:00,19550.98046875,19584.869140625,19521.98046875,19542.220703125,0,0.0,0.0
2024-11-14 14:00:00+08:00,19541.9296875,19544.349609375,19482.30078125,19503.240234375,0,0.0,0.0
2024-11-14 14:15:00+08:00,19504.119140625,19515.140625,19441.01953125,19468.779296875,0,0.0,0.0
2024-11-14 14:30:00+08:00,19469.44921875,19482.060546875,19423.4296875,19425.580078125,0,0.0,0.0
2024-11-14 14:45:00+08:00,19426.810546875,19450.94921875,19395.0390625,19420.810546875,0,0.0,0.0
2024-11-14 15:00:00+08:00,19428.080078125,19458.470703125,19392.58984375,19394.0,0,0.0,0.0
2024-11-14 15:15:00+08:00,19394.75,19448.669921875,19394.75,19444.619140625,0,0.0,0.0
2024-11-14 15:30:00+08:00,19439.869140625,19447.01953125,19427.640625,19440.30078125,0,0.0,0.0
2024-11-14 15:45:00+08:00,19438.109375,19465.44921875,19428.1796875,19430.869140625,0,0.0,0.0
2024-11-14 16:00:00+08:00,19431.94921875,19435.810546875,19431.94921875,19435.810546875,0,0.0,0.0
2024-11-15 09:30:00+08:00,19503.029296875,19585.060546875,19358.080078125,19376.080078125,0,0.0,0.0
2024-11-15 09:45:00+08:00,19363.880859375,19514.0390625,19332.33984375,19455.1796875,0,0.0,0.0
2024-11-15 10:00:00+08:00,19438.76953125,19583.9296875,19438.76953125,19583.9296875,0,0.0,0.0
2024-11-15 10:15:00+08:00,19574.869140625,19607.810546875,19511.33984375,19512.650390625,0,0.0,0.0
2024-11-15 10:30:00+08:00,19498.76953125,19556.939453125,19452.970703125,19553.509765625,0,0.0,0.0
2024-11-15 10:45:00+08:00,19542.529296875,19608.240234375,19526.58984375,19607.94921875,0,0.0,0.0
2024-11-15 11:00:00+08:00,19600.98046875,19606.080078125,19546.16015625,19565.009765625,0,0.0,0.0
2024-11-15 11:15:00+08:00,19555.349609375,19575.66015625,19524.220703125,19543.830078125,0,0.0,0.0
2024-11-15 11:30:00+08:00,19534.390625,19543.109375,19520.58984375,19523.16015625,0,0.0,0.0
2024-11-15 11:45:00+08:00,19512.830078125,19524.4296875,19484.5,19495.80078125,0,0.0,0.0
2024-11-15 12:00:00+08:00,19486.970703125,19486.970703125,19486.970703125,19486.970703125,0,0.0,0.0
2024-11-15 13:00:00+08:00,19500.400390625,19554.640625,19473.16015625,19542.509765625,0,0.0,0.0
2024-11-15 13:15:00+08:00,19532.76953125,19600.150390625,19532.76953125,19575.109375,0,0.0,0.0
2024-11-15 13:30:00+08:00,19566.029296875,19569.869140625,19511.0390625,19514.509765625,0,0.0,0.0
2024-11-15 13:45:00+08:00,19503.2890625,19548.849609375,19502.380859375,19547.58984375,0,0.0,0.0
2024-11-15 14:00:00+08:00,19533.119140625,19561.849609375,19521.25,19545.55078125,0,0.0,0.0
2024-11-15 14:15:00+08:00,19538.94921875,19554.060546875,19486.779296875,19490.380859375,0,0.0,0.0
2024-11-15 14:30:00+08:00,19477.4296875,19501.55078125,19437.369140625,19471.869140625,0,0.0,0.0
2024-11-15 14:45:00+08:00,19463.849609375,19487.48046875,19451.19921875,19457.189453125,0,0.0,0.0
2024-11-15 15:00:00+08:00,19448.830078125,19477.69921875,19430.640625,19470.970703125,0,0.0,0.0
2024-11-15 15:15:00+08:00,19458.91015625,19476.4296875,19437.390625,19448.419921875,0,0.0,0.0
2024-11-15 15:30:00+08:00,19437.69921875,19460.5703125,19431.19921875,19442.890625,0,0.0,0.0
2024-11-15 15:45:00+08:00,19433.939453125,19460.3203125,19430.060546875,19447.529296875,0,0.0,0.0
2024-11-15 16:00:00+08:00,19432.599609375,19432.599609375,19426.33984375,19426.33984375,0,0.0,0.0
2024-11-18 09:30:00+08:00,19595.5,19674.810546875,19526.9296875,19526.9296875,0,0.0,0.0
2024-11-18 09:45:00+08:00,19527.05078125,19613.58984375,19470.4296875,19581.330078125,0,0.0,0.0
2024-11-18 10:00:00+08:00,19581.240234375,19718.76953125,19529.080078125,19715.73046875,0,0.0,0.0
2024-11-18 10:15:00+08:00,19713.669921875,19757.25,19700.220703125,19744.900390625,0,0.0,0.0
2024-11-18 10:30:00+08:00,19748.25,19781.080078125,19697.919921875,19698.130859375,0,0.0,0.0
2024-11-18 10:45:00+08:00,19699.529296875,19728.0,19680.119140625,19724.919921875,0,0.0,0.0
2024-11-18 11:00:00+08:00,19725.060546875,19729.30078125,19665.900390625,19713.98046875,0,0.0,0.0
2024-11-18 11:15:00+08:00,19716.359375,19737.990234375,19684.9296875,19722.279296875,0,0.0,0.0
2024-11-18 11:30:00+08:00,19718.41015625,19726.939453125,19676.880859375,19679.58984375,0,0.0,0.0
2024-11-18 11:45:00+08:00,19680.48046875,19680.48046875,19644.9609375,19655.890625,0,0.0,0.0
2024-11-18 12:00:00+08:00,19655.580078125,19655.580078125,19655.580078125,19655.580078125,0,0.0,0.0
2024-11-18 13:00:00+08:00,19663.76953125,19663.76953125,19585.619140625,19610.599609375,0,0.0,0.0
2024-11-18 13:15:00+08:00,19611.94921875,19641.19921875,19592.390625,19603.5390625,0,0.0,0.0
2024-11-18 13:30:00+08:00,19603.4296875,19603.4296875,19571.279296875,19597.630859375,0,0.0,0.0
2024-11-18 13:45:00+08:00,19599.26953125,19605.759765625,19574.330078125,19579.83984375,0,0.0,0.0
2024-11-18 14:00:00+08:00,19580.669921875,19585.7109375,19511.650390625,19538.8203125,0,0.0,0.0
2024-11-18 14:15:00+08:00,19538.419921875,19574.66015625,19508.099609375,19548.6796875,0,0.0,0.0
2024-11-18 14:30:00+08:00,19550.259765625,19564.01953125,19523.369140625,19536.44921875,0,0.0,0.0
2024-11-18 14:45:00+08:00,19536.69921875,19578.390625,19525.259765625,19575.439453125,0,0.0,0.0
2024-11-18 15:00:00+08:00,19578.140625,19591.16015625,19568.5,19587.0390625,0,0.0,0.0
2024-11-18 15:15:00+08:00,19585.869140625,19597.330078125,19556.4296875,19564.009765625,0,0.0,0.0
2024-11-18 15:30:00+08:00,19563.51953125,19581.859375,19552.990234375,19557.990234375,0,0.0,0.0
2024-11-18 15:45:00+08:00,19558.140625,19587.05078125,19552.609375,19574.689453125,0,0.0,0.0
2024-11-18 16:00:00+08:00,19575.390625,19576.609375,19575.390625,19576.609375,0,0.0,0.0
2024-11-19 09:30:00+08:00,19699.810546875,19758.5703125,19675.310546875,19713.390625,0,0.0,0.0
2024-11-19 09:45:00+08:00,19711.8203125,19737.150390625,19659.369140625,19696.80078125,0,0.0,0.0
2024-11-19 10:00:00+08:00,19695.01953125,19724.7109375,19633.640625,19658.359375,0,0.0,0.0
2024-11-19 10:15:00+08:00,19657.810546875,19664.970703125,19605.94921875,19632.55078125,0,0.0,0.0
2024-11-19 10:30:00+08:00,19633.4609375,19638.0,19565.8203125,19569.490234375,0,0.0,0.0
2024-11-19 10:45:00+08:00,19568.91015625,19649.380859375,19568.189453125,19645.140625,0,0.0,0.0
2024-11-19 11:00:00+08:00,19645.619140625,19656.029296875,19601.5,19604.580078125,0,0.0,0.0
2024-11-19 11:15:00+08:00,19603.630859375,19644.55078125,19603.630859375,19634.5703125,0,0.0,0.0
2024-11-19 11:30:00+08:00,19636.580078125,19648.23046875,19624.08984375,19624.98046875,0,0.0,0.0
2024-11-19 11:45:00+08:00,19626.060546875,19642.890625,19623.330078125,19640.5390625,0,0.0,0.0
2024-11-19 12:00:00+08:00,19640.740234375,19640.740234375,19640.740234375,19640.740234375,0,0.0,0.0
2024-11-19 13:00:00+08:00,19638.0,19638.0,19596.310546875,19607.369140625,0,0.0,0.0
2024-11-19 13:15:00+08:00,19609.23046875,19628.0390625,19589.880859375,19596.779296875,0,0.0,0.0
2024-11-19 13:30:00+08:00,19596.2890625,19597.33984375,19548.859375,19568.720703125,0,0.0,0.0
2024-11-19 13:45:00+08:00,19568.66015625,19615.0,19522.58984375,19615.0,0,0.0,0.0
2024-11-19 14:00:00+08:00,19614.0,19635.140625,19598.580078125,19603.51953125,0,0.0,0.0
2024-11-19 14:15:00+08:00,19601.58984375,19693.189453125,19598.509765625,19680.740234375,0,0.0,0.0
2024-11-19 14:30:00+08:00,19679.349609375,19704.41015625,19637.359375,19648.130859375,0,0.0,0.0
2024-11-19 14:45:00+08:00,19647.1796875,19664.109375,19637.490234375,19649.9296875,0,0.0,0.0
2024-11-19 15:00:00+08:00,19650.279296875,19661.9609375,19626.0703125,19630.83984375,0,0.0,0.0
2024-11-19 15:15:00+08:00,19630.890625,19659.0390625,19628.830078125,19647.76953125,0,0.0,0.0
2024-11-19 15:30:00+08:00,19646.080078125,19657.2109375,19638.470703125,19654.439453125,0,0.0,0.0
2024-11-19 15:45:00+08:00,19652.390625,19662.220703125,19640.689453125,19648.69921875,0,0.0,0.0
2024-11-19 16:00:00+08:00,19651.75,19663.669921875,19651.75,19663.669921875,0,0.0,0.0
2024-11-20 09:30:00+08:00,19623.390625,19742.740234375,19606.060546875,19672.9296875,0,0.0,0.0
2024-11-20 09:45:00+08:00,19671.8203125,19680.990234375,19575.91015625,19622.529296875,0,0.0,0.0
2024-11-20 10:00:00+08:00,19622.150390625,19688.240234375,19611.0,19683.33984375,0,0.0,0.0
2024-11-20 10:15:00+08:00,19680.380859375,19680.380859375,19622.1796875,19643.69921875,0,0.0,0.0
2024-11-20 10:30:00+08:00,19643.490234375,19656.91015625,19592.619140625,19621.919921875,0,0.0,0.0
2024-11-20 10:45:00+08:00,19622.470703125,19645.5390625,19607.83984375,19635.220703125,0,0.0,0.0
2024-11-20 11:00:00+08:00,19637.83984375,19674.900390625,19629.98046875,19634.939453125,0,0.0,0.0
2024-11-20 11:15:00+08:00,19633.169921875,19678.98046875,19623.05078125,19668.740234375,0,0.0,0.0
2024-11-20 11:30:00+08:00,19671.05078125,19684.150390625,19659.98046875,19677.099609375,0,0.0,0.0
2024-11-20 11:45:00+08:00,19676.0,19676.91015625,19633.8203125,19642.359375,0,0.0,0.0
2024-11-20 12:00:00+08:00,19641.05078125,19641.05078125,19641.05078125,19641.05078125,0,0.0,0.0
2024-11-20 13:00:00+08:00,19647.4296875,19687.23046875,19623.25,19687.23046875,0,0.0,0.0
2024-11-20 13:15:00+08:00,19687.380859375,19752.9296875,19684.419921875,19693.310546875,0,0.0,0.0
2024-11-20 13:30:00+08:00,19692.41015625,19692.41015625,19637.0,19640.490234375,0,0.0,0.0
2024-11-20 13:45:00+08:00,19637.740234375,19646.779296875,19612.119140625,19639.619140625,0,0.0,0.0
2024-11-20 14:00:00+08:00,19637.220703125,19645.4296875,19614.5390625,19634.7109375,0,0.0,0.0
2024-11-20 14:15:00+08:00,19633.0,19673.560546875,19628.7890625,19672.669921875,0,0.0,0.0
2024-11-20 14:30:00+08:00,19672.2109375,19714.349609375,19668.669921875,19707.970703125,0,0.0,0.0
2024-11-20 14:45:00+08:00,19710.91015625,19717.900390625,19683.400390625,19695.5703125,0,0.0,0.0
2024-11-20 15:00:00+08:00,19691.900390625,19707.55078125,19689.23046875,19703.109375,0,0.0,0.0
2024-11-20 15:15:00+08:00,19703.26953125,19716.66015625,19700.669921875,19710.619140625,0,0.0,0.0
2024-11-20 15:30:00+08:00,19711.25,19718.0703125,19696.16015625,19702.55078125,0,0.0,0.0
2024-11-20 15:45:00+08:00,19702.01953125,19709.83984375,19692.3203125,19702.5390625,0,0.0,0.0
2024-11-20 16:00:00+08:00,19702.7890625,19705.009765625,19702.7890625,19705.009765625,0,0.0,0.0
2024-11-21 09:30:00+08:00,19646.0390625,19708.240234375,19607.130859375,19680.5,0,0.0,0.0
2024-11-21 09:45:00+08:00,19676.880859375,19737.119140625,19646.23046875,19659.830078125,0,0.0,0.0
2024-11-21 10:00:00+08:00,19661.0,19695.919921875,19638.080078125,19669.650390625,0,0.0,0.0
2024-11-21 10:15:00+08:00,19667.109375,19764.619140625,19644.509765625,19737.7890625,0,0.0,0.0
2024-11-21 10:30:00+08:00,19738.9296875,19764.349609375,19650.25,19662.919921875,0,0.0,0.0
2024-11-21 10:45:00+08:00,19659.73046875,19675.16015625,19643.310546875,19667.580078125,0,0.0,0.0
2024-11-21 11:00:00+08:00,19660.849609375,19679.880859375,19654.609375,19676.810546875,0,0.0,0.0
2024-11-21 11:15:00+08:00,19675.48046875,19693.5703125,19666.279296875,19670.009765625,0,0.0,0.0
2024-11-21 11:30:00+08:00,19670.2890625,19688.25,19659.6796875,19678.220703125,0,0.0,0.0
2024-11-21 11:45:00+08:00,19675.26953125,19683.7890625,19663.26953125,19681.05078125,0,0.0,0.0
2024-11-21 12:00:00+08:00,19680.23046875,19680.23046875,19680.23046875,19680.23046875,0,0.0,0.0
2024-11-21 13:00:00+08:00,19673.5,19673.5,19638.98046875,19653.25,0,0.0,0.0
2024-11-21 13:15:00+08:00,19653.5703125,19685.509765625,19645.1796875,19668.830078125,0,0.0,0.0
2024-11-21 13:30:00+08:00,19667.310546875,19671.859375,19642.759765625,19655.720703125,0,0.0,0.0
2024-11-21 13:45:00+08:00,19656.25,19664.140625,19628.140625,19630.560546875,0,0.0,0.0
2024-11-21 14:00:00+08:00,19629.150390625,19631.380859375,19605.08984375,19627.26953125,0,0.0,0.0
2024-11-21 14:15:00+08:00,19627.2109375,19647.48046875,19609.470703125,19644.5,0,0.0,0.0
2024-11-21 14:30:00+08:00,19647.900390625,19651.25,19634.029296875,19641.23046875,0,0.0,0.0
2024-11-21 14:45:00+08:00,19643.0,19647.279296875,19628.16015625,19645.55078125,0,0.0,0.0
2024-11-21 15:00:00+08:00,19645.259765625,19662.98046875,19644.30078125,19647.66015625,0,0.0,0.0
2024-11-21 15:15:00+08:00,19646.810546875,19649.240234375,19552.5,19576.490234375,0,0.0,0.0
2024-11-21 15:30:00+08:00,19576.779296875,19629.390625,19576.779296875,19625.869140625,0,0.0,0.0
2024-11-21 15:45:00+08:00,19627.16015625,19632.05078125,19610.41015625,19616.01953125,0,0.0,0.0
2024-11-21 16:00:00+08:00,19613.150390625,19613.150390625,19601.109375,19601.109375,0,0.0,0.0
2024-11-22 09:30:00+08:00,19613.55078125,19711.400390625,19600.0,19663.349609375,0,0.0,0.0
2024-11-22 09:45:00+08:00,19653.66015625,19701.44921875,19594.380859375,19597.349609375,0,0.0,0.0
2024-11-22 10:00:00+08:00,19587.51953125,19669.939453125,19554.91015625,19561.01953125,0,0.0,0.0
2024-11-22 10:15:00+08:00,19551.919921875,19577.509765625,19545.8203125,19549.5390625,0,0.0,0.0
2024-11-22 10:30:00+08:00,19543.109375,19606.51953125,19514.029296875,19602.51953125,0,0.0,0.0
2024-11-22 10:45:00+08:00,19590.48046875,19612.810546875,19566.2890625,19583.900390625,0,0.0,0.0
2024-11-22 11:00:00+08:00,19572.7890625,19606.650390625,19568.599609375,19604.720703125,0,0.0,0.0
2024-11-22 11:15:00+08:00,19592.08984375,19603.08984375,19463.419921875,19463.419921875,0,0.0,0.0
2024-11-22 11:30:00+08:00,19454.470703125,19466.619140625,19317.849609375,19335.41015625,0,0.0,0.0
2024-11-22 11:45:00+08:00,19324.560546875,19363.80078125,19324.560546875,19357.9609375,0,0.0,0.0
2024-11-22 12:00:00+08:00,19343.91015625,19343.91015625,19343.91015625,19343.91015625,0,0.0,0.0
2024-11-22 13:00:00+08:00,19346.9609375,19381.76953125,19321.509765625,19321.509765625,0,0.0,0.0
2024-11-22 13:15:00+08:00,19313.55078125,19327.740234375,19256.490234375,19315.220703125,0,0.0,0.0
2024-11-22 13:30:00+08:00,19303.44921875,19327.759765625,19271.630859375,19278.33984375,0,0.0,0.0
2024-11-22 13:45:00+08:00,19267.890625,19325.810546875,19265.5390625,19274.16015625,0,0.0,0.0
2024-11-22 14:00:00+08:00,19264.7109375,19278.6796875,19246.41015625,19262.8203125,0,0.0,0.0
2024-11-22 14:15:00+08:00,19252.630859375,19300.810546875,19245.9296875,19300.810546875,0,0.0,0.0
2024-11-22 14:30:00+08:00,19285.970703125,19300.779296875,19211.0,19216.419921875,0,0.0,0.0
2024-11-22 14:45:00+08:00,19210.5390625,19220.970703125,19172.0,19184.439453125,0,0.0,0.0
2024-11-22 15:00:00+08:00,19175.7890625,19194.7109375,19134.58984375,19173.740234375,0,0.0,0.0
2024-11-22 15:15:00+08:00,19162.689453125,19191.859375,19155.349609375,19189.119140625,0,0.0,0.0
2024-11-22 15:30:00+08:00,19178.689453125,19245.25,19178.689453125,19237.380859375,0,0.0,0.0
2024-11-22 15:45:00+08:00,19227.9296875,19253.3203125,19222.76953125,19224.630859375,0,0.0,0.0
2024-11-22 16:00:00+08:00,19211.169921875,19229.970703125,19211.169921875,19229.970703125,0,0.0,0.0
2024-11-25 09:30:00+08:00,19307.33984375,19351.060546875,19264.9296875,19301.3203125,0,0.0,0.0
2024-11-25 09:45:00+08:00,19302.619140625,19302.619140625,19217.5,19222.91015625,0,0.0,0.0
2024-11-25 10:00:00+08:00,19227.259765625,19315.529296875,19226.310546875,19313.9609375,0,0.0,0.0
2024-11-25 10:15:00+08:00,19312.0703125,19328.2890625,19236.9609375,19290.01953125,0,0.0,0.0
2024-11-25 10:30:00+08:00,19288.970703125,19317.55078125,19250.25,19252.470703125,0,0.0,0.0
2024-11-25 10:45:00+08:00,19250.490234375,19268.509765625,19234.80078125,19240.0390625,0,0.0,0.0
2024-11-25 11:00:00+08:00,19238.560546875,19241.990234375,19154.919921875,19182.240234375,0,0.0,0.0
2024-11-25 11:15:00+08:00,19184.310546875,19223.0,19159.55078125,19160.1796875,0,0.0,0.0
2024-11-25 11:30:00+08:00,19160.69921875,19168.140625,19102.69921875,19110.5,0,0.0,0.0
2024-11-25 11:45:00+08:00,19109.390625,19136.720703125,19103.359375,19133.08984375,0,0.0,0.0
2024-11-25 12:00:00+08:00,19131.8203125,19131.8203125,19131.8203125,19131.8203125,0,0.0,0.0
2024-11-25 13:00:00+08:00,19125.51953125,19196.3203125,19102.060546875,19190.0,0,0.0,0.0
2024-11-25 13:15:00+08:00,19186.630859375,19189.919921875,19137.80078125,19170.279296875,0,0.0,0.0
2024-11-25 13:30:00+08:00,19170.5,19180.94921875,19131.259765625,19134.849609375,0,0.0,0.0
2024-11-25 13:45:00+08:00,19135.150390625,19161.4609375,19126.599609375,19150.83984375,0,0.0,0.0
2024-11-25 14:00:00+08:00,19150.080078125,19152.849609375,19124.810546875,19126.19921875,0,0.0,0.0
2024-11-25 14:15:00+08:00,19126.9296875,19202.560546875,19119.3203125,19176.009765625,0,0.0,0.0
2024-11-25 14:30:00+08:00,19173.0,19187.990234375,19146.109375,19183.080078125,0,0.0,0.0
2024-11-25 14:45:00+08:00,19184.240234375,19202.1796875,19173.4296875,19184.9609375,0,0.0,0.0
2024-11-25 15:00:00+08:00,19185.5390625,19210.830078125,19171.83984375,19180.470703125,0,0.0,0.0
2024-11-25 15:15:00+08:00,19181.5703125,19189.75,19159.400390625,19167.94921875,0,0.0,0.0
2024-11-25 15:30:00+08:00,19169.55078125,19169.55078125,19141.630859375,19161.310546875,0,0.0,0.0
2024-11-25 15:45:00+08:00,19162.919921875,19167.990234375,19143.630859375,19159.55078125,0,0.0,0.0
2024-11-25 16:00:00+08:00,19160.490234375,19160.490234375,19150.990234375,19150.990234375,0,0.0,0.0
2024-11-26 09:30:00+08:00,19054.400390625,19190.130859375,19054.400390625,19133.83984375,0,0.0,0.0
2024-11-26 09:45:00+08:00,19134.7109375,19203.080078125,19134.7109375,19151.009765625,0,0.0,0.0
2024-11-26 10:00:00+08:00,19151.30078125,19295.75,19146.259765625,19248.599609375,0,0.0,0.0
2024-11-26 10:15:00+08:00,19246.619140625,19284.94921875,19243.400390625,19245.689453125,0,0.0,0.0
2024-11-26 10:30:00+08:00,19243.83984375,19246.0703125,19208.19921875,19238.970703125,0,0.0,0.0
2024-11-26 10:45:00+08:00,19237.3203125,19250.349609375,19190.109375,19190.109375,0,0.0,0.0
2024-11-26 11:00:00+08:00,19189.630859375,19239.08984375,19189.630859375,19236.869140625,0,0.0,0.0
2024-11-26 11:15:00+08:00,19237.779296875,19283.740234375,19232.4609375,19271.779296875,0,0.0,0.0
2024-11-26 11:30:00+08:00,19270.44921875,19272.419921875,19239.369140625,19241.109375,0,0.0,0.0
2024-11-26 11:45:00+08:00,19239.2890625,19256.869140625,19232.0703125,19247.080078125,0,0.0,0.0
2024-11-26 12:00:00+08:00,19244.630859375,19244.630859375,19244.630859375,19244.630859375,0,0.0,0.0
2024-11-26 13:00:00+08:00,19240.779296875,19257.359375,19219.189453125,19225.869140625,0,0.0,0.0
2024-11-26 13:15:00+08:00,19225.66015625,19228.3203125,19196.529296875,19201.9609375,0,0.0,0.0
2024-11-26 13:30:00+08:00,19198.7890625,19232.44921875,19185.349609375,19189.80078125,0,0.0,0.0
2024-11-26 13:45:00+08:00,19188.740234375,19192.810546875,19136.1796875,19152.369140625,0,0.0,0.0
2024-11-26 14:00:00+08:00,19153.1796875,19179.91015625,19137.150390625,19178.240234375,0,0.0,0.0
2024-11-26 14:15:00+08:00,19179.30078125,19183.130859375,19158.990234375,19172.689453125,0,0.0,0.0
2024-11-26 14:30:00+08:00,19184.1796875,19189.259765625,19148.599609375,19165.76953125,0,0.0,0.0
2024-11-26 14:45:00+08:00,19165.7109375,19169.310546875,19147.23046875,19161.400390625,0,0.0,0.0
2024-11-26 15:00:00+08:00,19160.619140625,19174.619140625,19146.890625,19158.640625,0,0.0,0.0
2024-11-26 15:15:00+08:00,19160.869140625,19163.400390625,19144.259765625,19147.8203125,0,0.0,0.0
2024-11-26 15:30:00+08:00,19149.470703125,19157.779296875,19124.189453125,19125.5390625,0,0.0,0.0
2024-11-26 15:45:00+08:00,19127.119140625,19152.669921875,19122.400390625,19144.580078125,0,0.0,0.0
2024-11-26 16:00:00+08:00,19144.970703125,19159.19921875,19144.970703125,19159.19921875,0,0.0,0.0
2024-11-27 09:30:00+08:00,19187.05078125,19227.8203125,19150.939453125,19227.8203125,0,0.0,0.0
2024-11-27 09:45:00+08:00,19225.890625,19225.890625,19153.33984375,19155.7890625,0,0.0,0.0
2024-11-27 10:00:00+08:00,19155.6796875,19161.720703125,19061.599609375,19151.830078125,0,0.0,0.0
2024-11-27 10:15:00+08:00,19152.419921875,19211.80078125,19139.58984375,19197.470703125,0,0.0,0.0
2024-11-27 10:30:00+08:00,19198.029296875,19205.130859375,19145.720703125,19192.029296875,0,0.0,0.0
2024-11-27 10:45:00+08:00,19192.580078125,19284.51953125,19190.41015625,19256.859375,0,0.0,0.0
2024-11-27 11:00:00+08:00,19256.130859375,19275.650390625,19222.9296875,19227.5,0,0.0,0.0
2024-11-27 11:15:00+08:00,19227.939453125,19243.859375,19206.3203125,19240.80078125,0,0.0,0.0
2024-11-27 11:30:00+08:00,19239.759765625,19248.099609375,19216.900390625,19232.16015625,0,0.0,0.0
2024-11-27 11:45:00+08:00,19235.220703125,19260.619140625,19229.580078125,19239.509765625,0,0.0,0.0
2024-11-27 12:00:00+08:00,19239.849609375,19239.849609375,19239.849609375,19239.849609375,0,0.0,0.0
2024-11-27 13:00:00+08:00,19242.44921875,19269.119140625,19218.7890625,19260.2890625,0,0.0,0.0
2024-11-27 13:15:00+08:00,19262.2109375,19262.2109375,19225.80078125,19237.55078125,0,0.0,0.0
2024-11-27 13:30:00+08:00,19236.740234375,19278.990234375,19229.30078125,19259.51953125,0,0.0,0.0
2024-11-27 13:45:00+08:00,19261.220703125,19276.490234375,19241.220703125,19255.240234375,0,0.0,0.0
2024-11-27 14:00:00+08:00,19256.240234375,19298.669921875,19252.5703125,19296.939453125,0,0.0,0.0
2024-11-27 14:15:00+08:00,19294.76953125,19404.58984375,19294.76953125,19402.2109375,0,0.0,0.0
2024-11-27 14:30:00+08:00,19404.380859375,19439.900390625,19403.029296875,19436.0703125,0,0.0,0.0
2024-11-27 14:45:00+08:00,19437.029296875,19485.2890625,19424.9296875,19485.2890625,0,0.0,0.0
2024-11-27 15:00:00+08:00,19484.369140625,19610.599609375,19484.369140625,19599.0703125,0,0.0,0.0
2024-11-27 15:15:00+08:00,19600.109375,19660.990234375,19596.759765625,19621.099609375,0,0.0,0.0
2024-11-27 15:30:00+08:00,19621.310546875,19621.310546875,19583.380859375,19596.7109375,0,0.0,0.0
2024-11-27 15:45:00+08:00,19595.779296875,19614.8203125,19584.609375,19613.0703125,0,0.0,0.0
2024-11-27 16:00:00+08:00,19615.0703125,19615.0703125,19603.130859375,19603.130859375,0,0.0,0.0
